,0,1
67,10-Things-I-Hate-About-You,https://www.imsdb.com/scripts/10-Things-I-Hate-About-You.html
68,12,https://www.imsdb.com/scripts/12.html
69,12-and-Holding,https://www.imsdb.com/scripts/12-and-Holding.html
70,12-Monkeys,https://www.imsdb.com/scripts/12-Monkeys.html
71,12-Years-a-Slave,https://www.imsdb.com/scripts/12-Years-a-Slave.html
72,127-Hours,https://www.imsdb.com/scripts/127-Hours.html
73,1492:-Conquest-of-Paradise,https://www.imsdb.com/scripts/1492:-Conquest-of-Paradise.html
74,15-Minutes,https://www.imsdb.com/scripts/15-Minutes.html
75,17-Again,https://www.imsdb.com/scripts/17-Again.html
76,187,https://www.imsdb.com/scripts/187.html
77,2001:-A-Space-Odyssey,https://www.imsdb.com/scripts/2001:-A-Space-Odyssey.html
78,2012,https://www.imsdb.com/scripts/2012.html
79,25th-Hour,https://www.imsdb.com/scripts/25th-Hour.html
80,28-Days-Later,https://www.imsdb.com/scripts/28-Days-Later.html
81,30-Minutes-or-Less,https://www.imsdb.com/scripts/30-Minutes-or-Less.html
82,42,https://www.imsdb.com/scripts/42.html
83,44-Inch-Chest,https://www.imsdb.com/scripts/44-Inch-Chest.html
84,48-Hrs.,https://www.imsdb.com/scripts/48-Hrs..html
85,50-50,https://www.imsdb.com/scripts/50-50.html
86,500-Days-of-Summer,https://www.imsdb.com/scripts/500-Days-of-Summer.html
87,8-Mile,https://www.imsdb.com/scripts/8-Mile.html
88,8MM,https://www.imsdb.com/scripts/8MM.html
89,9,https://www.imsdb.com/scripts/9.html
90,A-Few-Good-Men,https://www.imsdb.com/scripts/A-Few-Good-Men.html
91,A-Most-Violent-Year,https://www.imsdb.com/scripts/A-Most-Violent-Year.html
92,A-Prayer-Before-Dawn,https://www.imsdb.com/scripts/A-Prayer-Before-Dawn.html
93,A-Quiet-Place,https://www.imsdb.com/scripts/A-Quiet-Place.html
94,A-Scanner-Darkly,https://www.imsdb.com/scripts/A-Scanner-Darkly.html
95,A-Serious-Man,https://www.imsdb.com/scripts/A-Serious-Man.html
96,A.I.,https://www.imsdb.com/scripts/A.I..html
97,Above-the-Law,https://www.imsdb.com/scripts/Above-the-Law.html
98,Absolute-Power,https://www.imsdb.com/scripts/Absolute-Power.html
99,"Abyss,-The","https://www.imsdb.com/scripts/Abyss,-The.html"
100,Ace-Ventura:-Pet-Detective,https://www.imsdb.com/scripts/Ace-Ventura:-Pet-Detective.html
101,Adaptation,https://www.imsdb.com/scripts/Adaptation.html
102,"Addams-Family,-The","https://www.imsdb.com/scripts/Addams-Family,-The.html"
103,"Adjustment-Bureau,-The","https://www.imsdb.com/scripts/Adjustment-Bureau,-The.html"
104,"Adventures-of-Buckaroo-Banzai-Across-the-Eighth-Dimension,-The","https://www.imsdb.com/scripts/Adventures-of-Buckaroo-Banzai-Across-the-Eighth-Dimension,-The.html"
105,Affliction,https://www.imsdb.com/scripts/Affliction.html
106,After-School-Special,https://www.imsdb.com/scripts/After-School-Special.html
107,After.Life,https://www.imsdb.com/scripts/After.Life.html
108,Agnes-of-God,https://www.imsdb.com/scripts/Agnes-of-God.html
109,Air-Force-One,https://www.imsdb.com/scripts/Air-Force-One.html
110,Airplane,https://www.imsdb.com/scripts/Airplane.html
111,Airplane-2:-The-Sequel,https://www.imsdb.com/scripts/Airplane-2:-The-Sequel.html
112,Aladdin,https://www.imsdb.com/scripts/Aladdin.html
113,Ali,https://www.imsdb.com/scripts/Ali.html
114,Alien,https://www.imsdb.com/scripts/Alien.html
115,Alien-3,https://www.imsdb.com/scripts/Alien-3.html
116,Alien-Nation,https://www.imsdb.com/scripts/Alien-Nation.html
117,Alien-vs.-Predator,https://www.imsdb.com/scripts/Alien-vs.-Predator.html
118,Alien:-Resurrection,https://www.imsdb.com/scripts/Alien:-Resurrection.html
119,Aliens,https://www.imsdb.com/scripts/Aliens.html
120,All-About-Eve,https://www.imsdb.com/scripts/All-About-Eve.html
121,All-About-Steve,https://www.imsdb.com/scripts/All-About-Steve.html
122,All-the-King's-Men,https://www.imsdb.com/scripts/All-the-King's-Men.html
123,All-the-President's-Men,https://www.imsdb.com/scripts/All-the-President's-Men.html
124,Almost-Famous,https://www.imsdb.com/scripts/Almost-Famous.html
125,Alone-in-the-Dark,https://www.imsdb.com/scripts/Alone-in-the-Dark.html
126,Amadeus,https://www.imsdb.com/scripts/Amadeus.html
127,Amelia,https://www.imsdb.com/scripts/Amelia.html
128,American-Beauty,https://www.imsdb.com/scripts/American-Beauty.html
129,American-Gangster,https://www.imsdb.com/scripts/American-Gangster.html
130,American-Graffiti,https://www.imsdb.com/scripts/American-Graffiti.html
131,American-History-X,https://www.imsdb.com/scripts/American-History-X.html
132,American-Hustle,https://www.imsdb.com/scripts/American-Hustle.html
133,American-Madness,https://www.imsdb.com/scripts/American-Madness.html
134,American-Milkshake,https://www.imsdb.com/scripts/American-Milkshake.html
135,American-Outlaws,https://www.imsdb.com/scripts/American-Outlaws.html
136,American-Pie,https://www.imsdb.com/scripts/American-Pie.html
137,"American-President,-The","https://www.imsdb.com/scripts/American-President,-The.html"
138,American-Psycho,https://www.imsdb.com/scripts/American-Psycho.html
139,American-Shaolin:-King-of-Kickboxers-II,https://www.imsdb.com/scripts/American-Shaolin:-King-of-Kickboxers-II.html
140,American-Sniper,https://www.imsdb.com/scripts/American-Sniper.html
141,American-Splendor,https://www.imsdb.com/scripts/American-Splendor.html
142,American-Werewolf-in-London,https://www.imsdb.com/scripts/American-Werewolf-in-London.html
143,"American,-The","https://www.imsdb.com/scripts/American,-The.html"
144,"Amityville-Asylum,-The","https://www.imsdb.com/scripts/Amityville-Asylum,-The.html"
145,Amour,https://www.imsdb.com/scripts/Amour.html
146,An-Education,https://www.imsdb.com/scripts/An-Education.html
147,Analyze-That,https://www.imsdb.com/scripts/Analyze-That.html
148,Analyze-This,https://www.imsdb.com/scripts/Analyze-This.html
149,Anastasia,https://www.imsdb.com/scripts/Anastasia.html
150,Angel-Eyes,https://www.imsdb.com/scripts/Angel-Eyes.html
151,Angels-&-Demons,https://www.imsdb.com/scripts/Angels-&-Demons.html
152,Anna-Karenina,https://www.imsdb.com/scripts/Anna-Karenina.html
153,Annie-Hall,https://www.imsdb.com/scripts/Annie-Hall.html
154,"Anniversary-Party,-The","https://www.imsdb.com/scripts/Anniversary-Party,-The.html"
155,Anonymous,https://www.imsdb.com/scripts/Anonymous.html
156,Antitrust,https://www.imsdb.com/scripts/Antitrust.html
157,Antz,https://www.imsdb.com/scripts/Antz.html
158,"Apartment,-The","https://www.imsdb.com/scripts/Apartment,-The.html"
159,Apocalypse-Now,https://www.imsdb.com/scripts/Apocalypse-Now.html
160,Apollo-13,https://www.imsdb.com/scripts/Apollo-13.html
161,April-Fool's-Day,https://www.imsdb.com/scripts/April-Fool's-Day.html
162,Apt-Pupil,https://www.imsdb.com/scripts/Apt-Pupil.html
163,Arbitrage,https://www.imsdb.com/scripts/Arbitrage.html
164,Arcade,https://www.imsdb.com/scripts/Arcade.html
165,Arctic-Blue,https://www.imsdb.com/scripts/Arctic-Blue.html
166,Argo,https://www.imsdb.com/scripts/Argo.html
167,Armageddon,https://www.imsdb.com/scripts/Armageddon.html
168,Army-of-Darkness,https://www.imsdb.com/scripts/Army-of-Darkness.html
169,Arsenic-and-Old-Lace,https://www.imsdb.com/scripts/Arsenic-and-Old-Lace.html
170,Arthur,https://www.imsdb.com/scripts/Arthur.html
171,"Artist,-The","https://www.imsdb.com/scripts/Artist,-The.html"
172,As-Good-As-It-Gets,https://www.imsdb.com/scripts/As-Good-As-It-Gets.html
173,Assassins,https://www.imsdb.com/scripts/Assassins.html
174,"Assignment,-The","https://www.imsdb.com/scripts/Assignment,-The.html"
175,At-First-Sight,https://www.imsdb.com/scripts/At-First-Sight.html
176,August:-Osage-County,https://www.imsdb.com/scripts/August:-Osage-County.html
177,Austin-Powers---International-Man-of-Mystery,https://www.imsdb.com/scripts/Austin-Powers---International-Man-of-Mystery.html
178,Austin-Powers---The-Spy-Who-Shagged-Me,https://www.imsdb.com/scripts/Austin-Powers---The-Spy-Who-Shagged-Me.html
179,Authors-Anonymous,https://www.imsdb.com/scripts/Authors-Anonymous.html
180,Autumn-in-New-York,https://www.imsdb.com/scripts/Autumn-in-New-York.html
181,Avatar,https://www.imsdb.com/scripts/Avatar.html
182,"Avengers,-The","https://www.imsdb.com/scripts/Avengers,-The.html"
183,"Avengers,-The-(2012)","https://www.imsdb.com/scripts/Avengers,-The-(2012).html"
184,"Avventura,-L'-(The-Adventure)","https://www.imsdb.com/scripts/Avventura,-L'-(The-Adventure).html"
185,Awakenings,https://www.imsdb.com/scripts/Awakenings.html
186,Babel,https://www.imsdb.com/scripts/Babel.html
187,Bachelor-Party,https://www.imsdb.com/scripts/Bachelor-Party.html
188,"Bachelor-Party,-The","https://www.imsdb.com/scripts/Bachelor-Party,-The.html"
189,Back-to-the-Future,https://www.imsdb.com/scripts/Back-to-the-Future.html
190,Back-to-the-Future-II-&-III,https://www.imsdb.com/scripts/Back-to-the-Future-II-&-III.html
191,"Back-up-Plan,-The","https://www.imsdb.com/scripts/Back-up-Plan,-The.html"
192,Backdraft,https://www.imsdb.com/scripts/Backdraft.html
193,Bad-Boys,https://www.imsdb.com/scripts/Bad-Boys.html
194,Bad-Country,https://www.imsdb.com/scripts/Bad-Country.html
195,Bad-Day-at-Black-Rock,https://www.imsdb.com/scripts/Bad-Day-at-Black-Rock.html
196,Bad-Dreams,https://www.imsdb.com/scripts/Bad-Dreams.html
197,Bad-Lieutenant,https://www.imsdb.com/scripts/Bad-Lieutenant.html
198,Bad-Santa,https://www.imsdb.com/scripts/Bad-Santa.html
199,Bad-Teacher,https://www.imsdb.com/scripts/Bad-Teacher.html
200,Badlands,https://www.imsdb.com/scripts/Badlands.html
201,Bamboozled,https://www.imsdb.com/scripts/Bamboozled.html
202,Barry-Lyndon,https://www.imsdb.com/scripts/Barry-Lyndon.html
203,Barton-Fink,https://www.imsdb.com/scripts/Barton-Fink.html
204,Basic,https://www.imsdb.com/scripts/Basic.html
205,Basic-Instinct,https://www.imsdb.com/scripts/Basic-Instinct.html
206,Basquiat,https://www.imsdb.com/scripts/Basquiat.html
207,Batman,https://www.imsdb.com/scripts/Batman.html
208,Batman-2,https://www.imsdb.com/scripts/Batman-2.html
209,Batman-and-Robin,https://www.imsdb.com/scripts/Batman-and-Robin.html
210,Batman-Begins,https://www.imsdb.com/scripts/Batman-Begins.html
211,Batman-Forever,https://www.imsdb.com/scripts/Batman-Forever.html
212,Batman-Returns,https://www.imsdb.com/scripts/Batman-Returns.html
213,"Battle-of-Algiers,-The","https://www.imsdb.com/scripts/Battle-of-Algiers,-The.html"
214,"Battle-of-Shaker-Heights,-The","https://www.imsdb.com/scripts/Battle-of-Shaker-Heights,-The.html"
215,Battle:-Los-Angeles,https://www.imsdb.com/scripts/Battle:-Los-Angeles.html
216,"Beach,-The","https://www.imsdb.com/scripts/Beach,-The.html"
217,Bean,https://www.imsdb.com/scripts/Bean.html
218,Beasts-of-No-Nation,https://www.imsdb.com/scripts/Beasts-of-No-Nation.html
219,Beasts-of-the-Southern-Wild,https://www.imsdb.com/scripts/Beasts-of-the-Southern-Wild.html
220,Beauty-and-the-Beast,https://www.imsdb.com/scripts/Beauty-and-the-Beast.html
221,Beavis-and-Butt-head-Do-America,https://www.imsdb.com/scripts/Beavis-and-Butt-head-Do-America.html
222,Beginners,https://www.imsdb.com/scripts/Beginners.html
223,Being-Human,https://www.imsdb.com/scripts/Being-Human.html
224,Being-John-Malkovich,https://www.imsdb.com/scripts/Being-John-Malkovich.html
225,Being-There,https://www.imsdb.com/scripts/Being-There.html
226,"Believer,-The","https://www.imsdb.com/scripts/Believer,-The.html"
227,Belle,https://www.imsdb.com/scripts/Belle.html
228,Beloved,https://www.imsdb.com/scripts/Beloved.html
229,Benny-&-Joon,https://www.imsdb.com/scripts/Benny-&-Joon.html
230,"Best-Exotic-Marigold-Hotel,-The","https://www.imsdb.com/scripts/Best-Exotic-Marigold-Hotel,-The.html"
231,Big,https://www.imsdb.com/scripts/Big.html
232,"Big-Blue,-The","https://www.imsdb.com/scripts/Big-Blue,-The.html"
233,Big-Eyes,https://www.imsdb.com/scripts/Big-Eyes.html
234,Big-Fish,https://www.imsdb.com/scripts/Big-Fish.html
235,"Big-Lebowski,-The","https://www.imsdb.com/scripts/Big-Lebowski,-The.html"
236,"Big-Sick,-The","https://www.imsdb.com/scripts/Big-Sick,-The.html"
237,"Big-White,-The","https://www.imsdb.com/scripts/Big-White,-The.html"
238,Birdman,https://www.imsdb.com/scripts/Birdman.html
239,"Birds,-The","https://www.imsdb.com/scripts/Birds,-The.html"
240,Birthday-Girl,https://www.imsdb.com/scripts/Birthday-Girl.html
241,"Black-Dahlia,-The","https://www.imsdb.com/scripts/Black-Dahlia,-The.html"
242,Black-Panther,https://www.imsdb.com/scripts/Black-Panther.html
243,Black-Rain,https://www.imsdb.com/scripts/Black-Rain.html
244,Black-Snake-Moan,https://www.imsdb.com/scripts/Black-Snake-Moan.html
245,Black-Swan,https://www.imsdb.com/scripts/Black-Swan.html
246,BlacKkKlansman,https://www.imsdb.com/scripts/BlacKkKlansman.html
247,Blade,https://www.imsdb.com/scripts/Blade.html
248,Blade-II,https://www.imsdb.com/scripts/Blade-II.html
249,Blade-Runner,https://www.imsdb.com/scripts/Blade-Runner.html
250,Blade:-Trinity,https://www.imsdb.com/scripts/Blade:-Trinity.html
251,"Blast-from-the-Past,-The","https://www.imsdb.com/scripts/Blast-from-the-Past,-The.html"
252,"Blind-Side,-The","https://www.imsdb.com/scripts/Blind-Side,-The.html"
253,"Bling-Ring,-The","https://www.imsdb.com/scripts/Bling-Ring,-The.html"
254,Blood-and-Wine,https://www.imsdb.com/scripts/Blood-and-Wine.html
255,Blood-Simple,https://www.imsdb.com/scripts/Blood-Simple.html
256,Blow,https://www.imsdb.com/scripts/Blow.html
257,Blue-Valentine,https://www.imsdb.com/scripts/Blue-Valentine.html
258,Blue-Velvet,https://www.imsdb.com/scripts/Blue-Velvet.html
259,"Blues-Brothers,-The","https://www.imsdb.com/scripts/Blues-Brothers,-The.html"
260,"Bodies,-Rest-&-Motion","https://www.imsdb.com/scripts/Bodies,-Rest-&-Motion.html"
261,Body-Heat,https://www.imsdb.com/scripts/Body-Heat.html
262,Body-of-Evidence,https://www.imsdb.com/scripts/Body-of-Evidence.html
263,Bodyguard,https://www.imsdb.com/scripts/Bodyguard.html
264,Bones,https://www.imsdb.com/scripts/Bones.html
265,Bonfire-of-the-Vanities,https://www.imsdb.com/scripts/Bonfire-of-the-Vanities.html
266,Bonnie-and-Clyde,https://www.imsdb.com/scripts/Bonnie-and-Clyde.html
267,Boogie-Nights,https://www.imsdb.com/scripts/Boogie-Nights.html
268,"Book-of-Eli,-The","https://www.imsdb.com/scripts/Book-of-Eli,-The.html"
269,Boondock-Saints-2:-All-Saints-Day,https://www.imsdb.com/scripts/Boondock-Saints-2:-All-Saints-Day.html
270,"Boondock-Saints,-The","https://www.imsdb.com/scripts/Boondock-Saints,-The.html"
271,Bottle-Rocket,https://www.imsdb.com/scripts/Bottle-Rocket.html
272,Bound,https://www.imsdb.com/scripts/Bound.html
273,"Bounty-Hunter,-The","https://www.imsdb.com/scripts/Bounty-Hunter,-The.html"
274,"Bourne-Identity,-The","https://www.imsdb.com/scripts/Bourne-Identity,-The.html"
275,"Bourne-Supremacy,-The","https://www.imsdb.com/scripts/Bourne-Supremacy,-The.html"
276,"Bourne-Ultimatum,-The","https://www.imsdb.com/scripts/Bourne-Ultimatum,-The.html"
277,"Box,-The","https://www.imsdb.com/scripts/Box,-The.html"
278,"Boxtrolls,-The","https://www.imsdb.com/scripts/Boxtrolls,-The.html"
279,Boyhood,https://www.imsdb.com/scripts/Boyhood.html
280,Braveheart,https://www.imsdb.com/scripts/Braveheart.html
281,Brazil,https://www.imsdb.com/scripts/Brazil.html
282,Break,https://www.imsdb.com/scripts/Break.html
283,Breakdown,https://www.imsdb.com/scripts/Breakdown.html
284,"Breakfast-Club,-The","https://www.imsdb.com/scripts/Breakfast-Club,-The.html"
285,Breaking-Away,https://www.imsdb.com/scripts/Breaking-Away.html
286,Brick,https://www.imsdb.com/scripts/Brick.html
287,Bridesmaids,https://www.imsdb.com/scripts/Bridesmaids.html
288,Bringing-Out-the-Dead,https://www.imsdb.com/scripts/Bringing-Out-the-Dead.html
289,Broadcast-News,https://www.imsdb.com/scripts/Broadcast-News.html
290,Broken-Arrow,https://www.imsdb.com/scripts/Broken-Arrow.html
291,Broken-Embraces,https://www.imsdb.com/scripts/Broken-Embraces.html
292,"Brothers-Bloom,-The","https://www.imsdb.com/scripts/Brothers-Bloom,-The.html"
293,Bruce-Almighty,https://www.imsdb.com/scripts/Bruce-Almighty.html
294,Buffy-the-Vampire-Slayer,https://www.imsdb.com/scripts/Buffy-the-Vampire-Slayer.html
295,Bull-Durham,https://www.imsdb.com/scripts/Bull-Durham.html
296,Buried,https://www.imsdb.com/scripts/Buried.html
297,Burlesque,https://www.imsdb.com/scripts/Burlesque.html
298,Burn-After-Reading,https://www.imsdb.com/scripts/Burn-After-Reading.html
299,Burning-Annie,https://www.imsdb.com/scripts/Burning-Annie.html
300,"Butterfly-Effect,-The","https://www.imsdb.com/scripts/Butterfly-Effect,-The.html"
301,Cable-Guy,https://www.imsdb.com/scripts/Cable-Guy.html
302,Candle-to-Water,https://www.imsdb.com/scripts/Candle-to-Water.html
303,Capote,https://www.imsdb.com/scripts/Capote.html
304,Carrie,https://www.imsdb.com/scripts/Carrie.html
305,Cars-2,https://www.imsdb.com/scripts/Cars-2.html
306,Casablanca,https://www.imsdb.com/scripts/Casablanca.html
307,Case-39,https://www.imsdb.com/scripts/Case-39.html
308,Casino,https://www.imsdb.com/scripts/Casino.html
309,Cast-Away,https://www.imsdb.com/scripts/Cast-Away.html
310,Catch-Me-If-You-Can,https://www.imsdb.com/scripts/Catch-Me-If-You-Can.html
311,Catwoman,https://www.imsdb.com/scripts/Catwoman.html
312,Cecil-B.-Demented,https://www.imsdb.com/scripts/Cecil-B.-Demented.html
313,Cedar-Rapids,https://www.imsdb.com/scripts/Cedar-Rapids.html
314,Celeste-&-Jesse-Forever,https://www.imsdb.com/scripts/Celeste-&-Jesse-Forever.html
315,"Cell,-The","https://www.imsdb.com/scripts/Cell,-The.html"
316,Cellular,https://www.imsdb.com/scripts/Cellular.html
317,"Change-Up,-The","https://www.imsdb.com/scripts/Change-Up,-The.html"
318,Changeling,https://www.imsdb.com/scripts/Changeling.html
319,Chaos,https://www.imsdb.com/scripts/Chaos.html
320,Charade,https://www.imsdb.com/scripts/Charade.html
321,Charlie's-Angels,https://www.imsdb.com/scripts/Charlie's-Angels.html
322,Chasing-Amy,https://www.imsdb.com/scripts/Chasing-Amy.html
323,Chasing-Sleep,https://www.imsdb.com/scripts/Chasing-Sleep.html
324,Cherry-Falls,https://www.imsdb.com/scripts/Cherry-Falls.html
325,Chinatown,https://www.imsdb.com/scripts/Chinatown.html
326,Christ-Complex,https://www.imsdb.com/scripts/Christ-Complex.html
327,Chronicle,https://www.imsdb.com/scripts/Chronicle.html
328,"Chronicles-of-Narnia:-The-Lion,-the-Witch-and-the-Wardrobe","https://www.imsdb.com/scripts/Chronicles-of-Narnia:-The-Lion,-the-Witch-and-the-Wardrobe.html"
329,"Cider-House-Rules,-The","https://www.imsdb.com/scripts/Cider-House-Rules,-The.html"
330,"Cincinnati-Kid,-The","https://www.imsdb.com/scripts/Cincinnati-Kid,-The.html"
331,Cinema-Paradiso,https://www.imsdb.com/scripts/Cinema-Paradiso.html
332,Cirque-du-Freak:-The-Vampire's-Assistant,https://www.imsdb.com/scripts/Cirque-du-Freak:-The-Vampire's-Assistant.html
333,Citizen-Kane,https://www.imsdb.com/scripts/Citizen-Kane.html
334,City-of-Joy,https://www.imsdb.com/scripts/City-of-Joy.html
335,Clash-of-the-Titans,https://www.imsdb.com/scripts/Clash-of-the-Titans.html
336,Clerks,https://www.imsdb.com/scripts/Clerks.html
337,Cliffhanger,https://www.imsdb.com/scripts/Cliffhanger.html
338,"Clockwork-Orange,-A","https://www.imsdb.com/scripts/Clockwork-Orange,-A.html"
339,Clueless,https://www.imsdb.com/scripts/Clueless.html
340,Cobb,https://www.imsdb.com/scripts/Cobb.html
341,Coco,https://www.imsdb.com/scripts/Coco.html
342,Code-of-Silence,https://www.imsdb.com/scripts/Code-of-Silence.html
343,Cold-Mountain,https://www.imsdb.com/scripts/Cold-Mountain.html
344,Collateral,https://www.imsdb.com/scripts/Collateral.html
345,Collateral-Damage,https://www.imsdb.com/scripts/Collateral-Damage.html
346,Colombiana,https://www.imsdb.com/scripts/Colombiana.html
347,Color-of-Night,https://www.imsdb.com/scripts/Color-of-Night.html
348,Commando,https://www.imsdb.com/scripts/Commando.html
349,Conan-the-Barbarian,https://www.imsdb.com/scripts/Conan-the-Barbarian.html
350,Confessions-of-a-Dangerous-Mind,https://www.imsdb.com/scripts/Confessions-of-a-Dangerous-Mind.html
351,Confidence,https://www.imsdb.com/scripts/Confidence.html
352,Constantine,https://www.imsdb.com/scripts/Constantine.html
353,Contact,https://www.imsdb.com/scripts/Contact.html
354,"Cooler,-The","https://www.imsdb.com/scripts/Cooler,-The.html"
355,Copycat,https://www.imsdb.com/scripts/Copycat.html
356,Coraline,https://www.imsdb.com/scripts/Coraline.html
357,Coriolanus,https://www.imsdb.com/scripts/Coriolanus.html
358,Courage-Under-Fire,https://www.imsdb.com/scripts/Courage-Under-Fire.html
359,Cowboys-&-Aliens,https://www.imsdb.com/scripts/Cowboys-&-Aliens.html
360,Cradle-2-the-Grave,https://www.imsdb.com/scripts/Cradle-2-the-Grave.html
361,Crank,https://www.imsdb.com/scripts/Crank.html
362,Crash,https://www.imsdb.com/scripts/Crash.html
363,"Crazy,-Stupid,-Love","https://www.imsdb.com/scripts/Crazy,-Stupid,-Love.html"
364,Crazylove,https://www.imsdb.com/scripts/Crazylove.html
365,Creation,https://www.imsdb.com/scripts/Creation.html
366,Crime-Spree,https://www.imsdb.com/scripts/Crime-Spree.html
367,"Croods,-The","https://www.imsdb.com/scripts/Croods,-The.html"
368,"Crouching-Tiger,-Hidden-Dragon","https://www.imsdb.com/scripts/Crouching-Tiger,-Hidden-Dragon.html"
369,Croupier,https://www.imsdb.com/scripts/Croupier.html
370,"Crow-Salvation,-The","https://www.imsdb.com/scripts/Crow-Salvation,-The.html"
371,"Crow,-The","https://www.imsdb.com/scripts/Crow,-The.html"
372,"Crow:-City-of-Angels,-The","https://www.imsdb.com/scripts/Crow:-City-of-Angels,-The.html"
373,Cruel-Intentions,https://www.imsdb.com/scripts/Cruel-Intentions.html
374,Crying-Game,https://www.imsdb.com/scripts/Crying-Game.html
375,Cube,https://www.imsdb.com/scripts/Cube.html
376,"Curious-Case-of-Benjamin-Button,-The","https://www.imsdb.com/scripts/Curious-Case-of-Benjamin-Button,-The.html"
377,Custody,https://www.imsdb.com/scripts/Custody.html
378,Dallas-Buyers-Club,https://www.imsdb.com/scripts/Dallas-Buyers-Club.html
379,"Damned-United,-The","https://www.imsdb.com/scripts/Damned-United,-The.html"
380,Dances-with-Wolves,https://www.imsdb.com/scripts/Dances-with-Wolves.html
381,Dark-City,https://www.imsdb.com/scripts/Dark-City.html
382,"Dark-Knight-Rises,-The","https://www.imsdb.com/scripts/Dark-Knight-Rises,-The.html"
383,"Dark-Knight,-The","https://www.imsdb.com/scripts/Dark-Knight,-The.html"
384,Dark-Star,https://www.imsdb.com/scripts/Dark-Star.html
385,Darkman,https://www.imsdb.com/scripts/Darkman.html
386,Date-Night,https://www.imsdb.com/scripts/Date-Night.html
387,Dave-Barry's-Complete-Guide-to-Guys,https://www.imsdb.com/scripts/Dave-Barry's-Complete-Guide-to-Guys.html
388,Dawn-of-the-Dead,https://www.imsdb.com/scripts/Dawn-of-the-Dead.html
389,Day-of-the-Dead,https://www.imsdb.com/scripts/Day-of-the-Dead.html
390,"Day-the-Clown-Cried,-The","https://www.imsdb.com/scripts/Day-the-Clown-Cried,-The.html"
391,"Day-the-Earth-Stood-Still,-The","https://www.imsdb.com/scripts/Day-the-Earth-Stood-Still,-The.html"
392,Days-of-Heaven,https://www.imsdb.com/scripts/Days-of-Heaven.html
393,Dead-Poets-Society,https://www.imsdb.com/scripts/Dead-Poets-Society.html
394,Deadpool,https://www.imsdb.com/scripts/Deadpool.html
395,Dear-White-People,https://www.imsdb.com/scripts/Dear-White-People.html
396,Death-at-a-Funeral,https://www.imsdb.com/scripts/Death-at-a-Funeral.html
397,Death-to-Smoochy,https://www.imsdb.com/scripts/Death-to-Smoochy.html
398,"Debt,-The","https://www.imsdb.com/scripts/Debt,-The.html"
399,Deception,https://www.imsdb.com/scripts/Deception.html
400,Deep-Cover,https://www.imsdb.com/scripts/Deep-Cover.html
401,Deep-Rising,https://www.imsdb.com/scripts/Deep-Rising.html
402,"Deer-Hunter,-The","https://www.imsdb.com/scripts/Deer-Hunter,-The.html"
403,Defiance,https://www.imsdb.com/scripts/Defiance.html
404,"Departed,-The","https://www.imsdb.com/scripts/Departed,-The.html"
405,"Descendants,-The","https://www.imsdb.com/scripts/Descendants,-The.html"
406,Despicable-Me-2,https://www.imsdb.com/scripts/Despicable-Me-2.html
407,Detroit-Rock-City,https://www.imsdb.com/scripts/Detroit-Rock-City.html
408,Devil-in-a-Blue-Dress,https://www.imsdb.com/scripts/Devil-in-a-Blue-Dress.html
409,"Devil-Wears-Prada,-The","https://www.imsdb.com/scripts/Devil-Wears-Prada,-The.html"
410,Devil's-Advocate,https://www.imsdb.com/scripts/Devil's-Advocate.html
411,Die-Hard,https://www.imsdb.com/scripts/Die-Hard.html
412,Die-Hard-2,https://www.imsdb.com/scripts/Die-Hard-2.html
413,Diner,https://www.imsdb.com/scripts/Diner.html
414,"Distinguished-Gentleman,-The","https://www.imsdb.com/scripts/Distinguished-Gentleman,-The.html"
415,Disturbia,https://www.imsdb.com/scripts/Disturbia.html
416,Django-Unchained,https://www.imsdb.com/scripts/Django-Unchained.html
417,Do-The-Right-Thing,https://www.imsdb.com/scripts/Do-The-Right-Thing.html
418,Dog-Day-Afternoon,https://www.imsdb.com/scripts/Dog-Day-Afternoon.html
419,Dogma,https://www.imsdb.com/scripts/Dogma.html
420,Donnie-Brasco,https://www.imsdb.com/scripts/Donnie-Brasco.html
421,Donnie-Darko,https://www.imsdb.com/scripts/Donnie-Darko.html
422,"Doors,-The","https://www.imsdb.com/scripts/Doors,-The.html"
423,Double-Indemnity,https://www.imsdb.com/scripts/Double-Indemnity.html
424,Drag-Me-to-Hell,https://www.imsdb.com/scripts/Drag-Me-to-Hell.html
425,Dragonslayer,https://www.imsdb.com/scripts/Dragonslayer.html
426,Drive,https://www.imsdb.com/scripts/Drive.html
427,Drive-Angry,https://www.imsdb.com/scripts/Drive-Angry.html
428,Drop-Dead-Gorgeous,https://www.imsdb.com/scripts/Drop-Dead-Gorgeous.html
429,"Dry-White-Season,-A","https://www.imsdb.com/scripts/Dry-White-Season,-A.html"
430,Duck-Soup,https://www.imsdb.com/scripts/Duck-Soup.html
431,Dumb-and-Dumber,https://www.imsdb.com/scripts/Dumb-and-Dumber.html
432,Dune,https://www.imsdb.com/scripts/Dune.html
433,E.T.,https://www.imsdb.com/scripts/E.T..html
434,Eagle-Eye,https://www.imsdb.com/scripts/Eagle-Eye.html
435,Eastern-Promises,https://www.imsdb.com/scripts/Eastern-Promises.html
436,Easy-A,https://www.imsdb.com/scripts/Easy-A.html
437,Ed-TV,https://www.imsdb.com/scripts/Ed-TV.html
438,Ed-Wood,https://www.imsdb.com/scripts/Ed-Wood.html
439,Edward-Scissorhands,https://www.imsdb.com/scripts/Edward-Scissorhands.html
440,Eight-Legged-Freaks,https://www.imsdb.com/scripts/Eight-Legged-Freaks.html
441,El-Mariachi,https://www.imsdb.com/scripts/El-Mariachi.html
442,Election,https://www.imsdb.com/scripts/Election.html
443,"Elephant-Man,-The","https://www.imsdb.com/scripts/Elephant-Man,-The.html"
444,Elizabeth:-The-Golden-Age,https://www.imsdb.com/scripts/Elizabeth:-The-Golden-Age.html
445,Enemy-of-the-State,https://www.imsdb.com/scripts/Enemy-of-the-State.html
446,"English-Patient,-The","https://www.imsdb.com/scripts/English-Patient,-The.html"
447,Enough,https://www.imsdb.com/scripts/Enough.html
448,Entrapment,https://www.imsdb.com/scripts/Entrapment.html
449,Equilibrium,https://www.imsdb.com/scripts/Equilibrium.html
450,Erik-the-Viking,https://www.imsdb.com/scripts/Erik-the-Viking.html
451,Erin-Brockovich,https://www.imsdb.com/scripts/Erin-Brockovich.html
452,Escape-From-L.A.,https://www.imsdb.com/scripts/Escape-From-L.A..html
453,Escape-From-New-York,https://www.imsdb.com/scripts/Escape-From-New-York.html
454,Eternal-Sunshine-of-the-Spotless-Mind,https://www.imsdb.com/scripts/Eternal-Sunshine-of-the-Spotless-Mind.html
455,Even-Cowgirls-Get-the-Blues,https://www.imsdb.com/scripts/Even-Cowgirls-Get-the-Blues.html
456,Event-Horizon,https://www.imsdb.com/scripts/Event-Horizon.html
457,Evil-Dead,https://www.imsdb.com/scripts/Evil-Dead.html
458,Evil-Dead-II:-Dead-by-Dawn,https://www.imsdb.com/scripts/Evil-Dead-II:-Dead-by-Dawn.html
459,Ex-Machina,https://www.imsdb.com/scripts/Ex-Machina.html
460,Excalibur,https://www.imsdb.com/scripts/Excalibur.html
461,Executive-Decision,https://www.imsdb.com/scripts/Executive-Decision.html
462,eXistenZ,https://www.imsdb.com/scripts/eXistenZ.html
463,Extract,https://www.imsdb.com/scripts/Extract.html
464,Eyes-Wide-Shut,https://www.imsdb.com/scripts/Eyes-Wide-Shut.html
465,"Fabulous-Baker-Boys,-The","https://www.imsdb.com/scripts/Fabulous-Baker-Boys,-The.html"
466,Face-Off,https://www.imsdb.com/scripts/Face-Off.html
467,Fair-Game,https://www.imsdb.com/scripts/Fair-Game.html
468,"Family-Man,-The","https://www.imsdb.com/scripts/Family-Man,-The.html"
469,Fantastic-Four,https://www.imsdb.com/scripts/Fantastic-Four.html
470,Fantastic-Mr-Fox,https://www.imsdb.com/scripts/Fantastic-Mr-Fox.html
471,Fargo,https://www.imsdb.com/scripts/Fargo.html
472,Fast-Times-at-Ridgemont-High,https://www.imsdb.com/scripts/Fast-Times-at-Ridgemont-High.html
473,Fatal-Instinct,https://www.imsdb.com/scripts/Fatal-Instinct.html
474,"Fault-in-Our-Stars,-The","https://www.imsdb.com/scripts/Fault-in-Our-Stars,-The.html"
475,Fear-and-Loathing-in-Las-Vegas,https://www.imsdb.com/scripts/Fear-and-Loathing-in-Las-Vegas.html
476,Feast,https://www.imsdb.com/scripts/Feast.html
477,Ferris-Bueller's-Day-Off,https://www.imsdb.com/scripts/Ferris-Bueller's-Day-Off.html
478,Field-of-Dreams,https://www.imsdb.com/scripts/Field-of-Dreams.html
479,"Fifth-Element,-The","https://www.imsdb.com/scripts/Fifth-Element,-The.html"
480,Fight-Club,https://www.imsdb.com/scripts/Fight-Club.html
481,"Fighter,-The","https://www.imsdb.com/scripts/Fighter,-The.html"
482,Final-Destination,https://www.imsdb.com/scripts/Final-Destination.html
483,Final-Destination-2,https://www.imsdb.com/scripts/Final-Destination-2.html
484,Finding-Nemo,https://www.imsdb.com/scripts/Finding-Nemo.html
485,Five-Easy-Pieces,https://www.imsdb.com/scripts/Five-Easy-Pieces.html
486,Flash-Gordon,https://www.imsdb.com/scripts/Flash-Gordon.html
487,Fletch,https://www.imsdb.com/scripts/Fletch.html
488,Flight,https://www.imsdb.com/scripts/Flight.html
489,"Flintstones,-The","https://www.imsdb.com/scripts/Flintstones,-The.html"
490,Forrest-Gump,https://www.imsdb.com/scripts/Forrest-Gump.html
491,Four-Feathers,https://www.imsdb.com/scripts/Four-Feathers.html
492,Four-Rooms,https://www.imsdb.com/scripts/Four-Rooms.html
493,Foxcatcher,https://www.imsdb.com/scripts/Foxcatcher.html
494,Fracture,https://www.imsdb.com/scripts/Fracture.html
495,Frances,https://www.imsdb.com/scripts/Frances.html
496,Frankenstein,https://www.imsdb.com/scripts/Frankenstein.html
497,Frankenweenie,https://www.imsdb.com/scripts/Frankenweenie.html
498,Freaked,https://www.imsdb.com/scripts/Freaked.html
499,Freddy-vs.-Jason,https://www.imsdb.com/scripts/Freddy-vs.-Jason.html
500,"French-Connection,-The","https://www.imsdb.com/scripts/French-Connection,-The.html"
501,Frequency,https://www.imsdb.com/scripts/Frequency.html
502,Friday-the-13th,https://www.imsdb.com/scripts/Friday-the-13th.html
503,Friday-the-13th-Part-VIII:-Jason-Takes-Manhattan,https://www.imsdb.com/scripts/Friday-the-13th-Part-VIII:-Jason-Takes-Manhattan.html
504,Fright-Night,https://www.imsdb.com/scripts/Fright-Night.html
505,Fright-Night-(1985),https://www.imsdb.com/scripts/Fright-Night-(1985).html
506,From-Dusk-Till-Dawn,https://www.imsdb.com/scripts/From-Dusk-Till-Dawn.html
507,From-Here-to-Eternity,https://www.imsdb.com/scripts/From-Here-to-Eternity.html
508,Frozen,https://www.imsdb.com/scripts/Frozen.html
509,Frozen-(Disney),https://www.imsdb.com/scripts/Frozen-(Disney).html
510,Frozen-River,https://www.imsdb.com/scripts/Frozen-River.html
511,Fruitvale-Station,https://www.imsdb.com/scripts/Fruitvale-Station.html
512,"Fugitive,-The","https://www.imsdb.com/scripts/Fugitive,-The.html"
513,Full-Metal-Jacket,https://www.imsdb.com/scripts/Full-Metal-Jacket.html
514,Funny-People,https://www.imsdb.com/scripts/Funny-People.html
515,Fury,https://www.imsdb.com/scripts/Fury.html
516,G.I.-Jane,https://www.imsdb.com/scripts/G.I.-Jane.html
517,G.I.-Joe:-The-Rise-of-Cobra,https://www.imsdb.com/scripts/G.I.-Joe:-The-Rise-of-Cobra.html
518,Game-6,https://www.imsdb.com/scripts/Game-6.html
519,"Game,-The","https://www.imsdb.com/scripts/Game,-The.html"
520,Gamer,https://www.imsdb.com/scripts/Gamer.html
521,Gandhi,https://www.imsdb.com/scripts/Gandhi.html
522,Gang-Related,https://www.imsdb.com/scripts/Gang-Related.html
523,Gangs-of-New-York,https://www.imsdb.com/scripts/Gangs-of-New-York.html
524,Garden-State,https://www.imsdb.com/scripts/Garden-State.html
525,Gattaca,https://www.imsdb.com/scripts/Gattaca.html
526,Get-Carter,https://www.imsdb.com/scripts/Get-Carter.html
527,Get-Low,https://www.imsdb.com/scripts/Get-Low.html
528,Get-on-Up,https://www.imsdb.com/scripts/Get-on-Up.html
529,Get-Out,https://www.imsdb.com/scripts/Get-Out.html
530,Get-Shorty,https://www.imsdb.com/scripts/Get-Shorty.html
531,"Getaway,-The","https://www.imsdb.com/scripts/Getaway,-The.html"
532,Ghost,https://www.imsdb.com/scripts/Ghost.html
533,"Ghost-and-the-Darkness,-The","https://www.imsdb.com/scripts/Ghost-and-the-Darkness,-The.html"
534,Ghost-Rider,https://www.imsdb.com/scripts/Ghost-Rider.html
535,Ghost-Ship,https://www.imsdb.com/scripts/Ghost-Ship.html
536,Ghost-World,https://www.imsdb.com/scripts/Ghost-World.html
537,Ghostbusters,https://www.imsdb.com/scripts/Ghostbusters.html
538,Ghostbusters-2,https://www.imsdb.com/scripts/Ghostbusters-2.html
539,Ginger-Snaps,https://www.imsdb.com/scripts/Ginger-Snaps.html
540,"Girl-with-the-Dragon-Tattoo,-The","https://www.imsdb.com/scripts/Girl-with-the-Dragon-Tattoo,-The.html"
541,Gladiator,https://www.imsdb.com/scripts/Gladiator.html
542,Glengarry-Glen-Gross,https://www.imsdb.com/scripts/Glengarry-Glen-Gross.html
543,Go,https://www.imsdb.com/scripts/Go.html
544,Godfather,https://www.imsdb.com/scripts/Godfather.html
545,Godfather-Part-II,https://www.imsdb.com/scripts/Godfather-Part-II.html
546,"Godfather-Part-III,-The","https://www.imsdb.com/scripts/Godfather-Part-III,-The.html"
547,Gods-and-Monsters,https://www.imsdb.com/scripts/Gods-and-Monsters.html
548,Godzilla,https://www.imsdb.com/scripts/Godzilla.html
549,Gone-Baby-Gone,https://www.imsdb.com/scripts/Gone-Baby-Gone.html
550,Gone-in-60-Seconds,https://www.imsdb.com/scripts/Gone-in-60-Seconds.html
551,"Good-Girl,-The","https://www.imsdb.com/scripts/Good-Girl,-The.html"
552,Good-Will-Hunting,https://www.imsdb.com/scripts/Good-Will-Hunting.html
553,Goodfellas,https://www.imsdb.com/scripts/Goodfellas.html
554,Gothika,https://www.imsdb.com/scripts/Gothika.html
555,Grabbers,https://www.imsdb.com/scripts/Grabbers.html
556,"Graduate,-The","https://www.imsdb.com/scripts/Graduate,-The.html"
557,Gran-Torino,https://www.imsdb.com/scripts/Gran-Torino.html
558,Grand-Hotel,https://www.imsdb.com/scripts/Grand-Hotel.html
559,Grand-Theft-Parsons,https://www.imsdb.com/scripts/Grand-Theft-Parsons.html
560,"Grapes-of-Wrath,-The","https://www.imsdb.com/scripts/Grapes-of-Wrath,-The.html"
561,Gravity,https://www.imsdb.com/scripts/Gravity.html
562,"Great-Gatsby,-The","https://www.imsdb.com/scripts/Great-Gatsby,-The.html"
563,"Green-Mile,-The","https://www.imsdb.com/scripts/Green-Mile,-The.html"
564,Gremlins,https://www.imsdb.com/scripts/Gremlins.html
565,Gremlins-2,https://www.imsdb.com/scripts/Gremlins-2.html
566,"Grifters,-The","https://www.imsdb.com/scripts/Grifters,-The.html"
567,Grosse-Point-Blank,https://www.imsdb.com/scripts/Grosse-Point-Blank.html
568,Groundhog-Day,https://www.imsdb.com/scripts/Groundhog-Day.html
569,"Grudge,-The","https://www.imsdb.com/scripts/Grudge,-The.html"
570,Guardians-of-the-Galaxy-Vol-2,https://www.imsdb.com/scripts/Guardians-of-the-Galaxy-Vol-2.html
571,Hackers,https://www.imsdb.com/scripts/Hackers.html
572,Hall-Pass,https://www.imsdb.com/scripts/Hall-Pass.html
573,Halloween,https://www.imsdb.com/scripts/Halloween.html
574,Halloween:-The-Curse-of-Michael-Myers,https://www.imsdb.com/scripts/Halloween:-The-Curse-of-Michael-Myers.html
575,Hancock,https://www.imsdb.com/scripts/Hancock.html
576,"Hangover,-The","https://www.imsdb.com/scripts/Hangover,-The.html"
577,Hanna,https://www.imsdb.com/scripts/Hanna.html
578,Hannah-and-Her-Sisters,https://www.imsdb.com/scripts/Hannah-and-Her-Sisters.html
579,Hannibal,https://www.imsdb.com/scripts/Hannibal.html
580,"Happy-Birthday,-Wanda-June","https://www.imsdb.com/scripts/Happy-Birthday,-Wanda-June.html"
581,Happy-Feet,https://www.imsdb.com/scripts/Happy-Feet.html
582,Hard-Rain,https://www.imsdb.com/scripts/Hard-Rain.html
583,Hard-to-Kill,https://www.imsdb.com/scripts/Hard-to-Kill.html
584,Harold-and-Kumar-Go-to-White-Castle,https://www.imsdb.com/scripts/Harold-and-Kumar-Go-to-White-Castle.html
585,Harry-Potter-and-the-Chamber-of-Secrets,https://www.imsdb.com/scripts/Harry-Potter-and-the-Chamber-of-Secrets.html
586,Harry-Potter-and-the-Deathly-Hallows-Part-1,https://www.imsdb.com/scripts/Harry-Potter-and-the-Deathly-Hallows-Part-1.html
587,Harry-Potter-and-the-Goblet-of-Fire,https://www.imsdb.com/scripts/Harry-Potter-and-the-Goblet-of-Fire.html
588,Harry-Potter-and-the-Half-Blood-Prince,https://www.imsdb.com/scripts/Harry-Potter-and-the-Half-Blood-Prince.html
589,Harry-Potter-and-the-Prisoner-of-Azkaban,https://www.imsdb.com/scripts/Harry-Potter-and-the-Prisoner-of-Azkaban.html
590,Harry-Potter-and-the-Sorcerer's-Stone,https://www.imsdb.com/scripts/Harry-Potter-and-the-Sorcerer's-Stone.html
591,"Haunting,-The","https://www.imsdb.com/scripts/Haunting,-The.html"
592,He's-Just-Not-That-Into-You,https://www.imsdb.com/scripts/He's-Just-Not-That-Into-You.html
593,Heat,https://www.imsdb.com/scripts/Heat.html
594,Heathers,https://www.imsdb.com/scripts/Heathers.html
595,Heavenly-Creatures,https://www.imsdb.com/scripts/Heavenly-Creatures.html
596,Heavy-Metal,https://www.imsdb.com/scripts/Heavy-Metal.html
597,"Hebrew-Hammer,-The","https://www.imsdb.com/scripts/Hebrew-Hammer,-The.html"
598,Heist,https://www.imsdb.com/scripts/Heist.html
599,Hellbound:-Hellraiser-II,https://www.imsdb.com/scripts/Hellbound:-Hellraiser-II.html
600,Hellboy,https://www.imsdb.com/scripts/Hellboy.html
601,Hellboy-2:-The-Golden-Army,https://www.imsdb.com/scripts/Hellboy-2:-The-Golden-Army.html
602,Hellraiser,https://www.imsdb.com/scripts/Hellraiser.html
603,Hellraiser-3:-Hell-on-Earth,https://www.imsdb.com/scripts/Hellraiser-3:-Hell-on-Earth.html
604,Hellraiser:-Deader,https://www.imsdb.com/scripts/Hellraiser:-Deader.html
605,Hellraiser:-Hellseeker,https://www.imsdb.com/scripts/Hellraiser:-Hellseeker.html
606,"Help,-The","https://www.imsdb.com/scripts/Help,-The.html"
607,Henry-Fool,https://www.imsdb.com/scripts/Henry-Fool.html
608,Henry's-Crime,https://www.imsdb.com/scripts/Henry's-Crime.html
609,Her,https://www.imsdb.com/scripts/Her.html
610,Hesher,https://www.imsdb.com/scripts/Hesher.html
611,High-Fidelity,https://www.imsdb.com/scripts/High-Fidelity.html
612,Highlander,https://www.imsdb.com/scripts/Highlander.html
613,Highlander:-Endgame,https://www.imsdb.com/scripts/Highlander:-Endgame.html
614,"Hills-Have-Eyes,-The","https://www.imsdb.com/scripts/Hills-Have-Eyes,-The.html"
615,His-Girl-Friday,https://www.imsdb.com/scripts/His-Girl-Friday.html
616,Hitchcock,https://www.imsdb.com/scripts/Hitchcock.html
617,"Hitchhiker's-Guide-to-the-Galaxy,-The","https://www.imsdb.com/scripts/Hitchhiker's-Guide-to-the-Galaxy,-The.html"
618,Hollow-Man,https://www.imsdb.com/scripts/Hollow-Man.html
619,Honeydripper,https://www.imsdb.com/scripts/Honeydripper.html
620,Horrible-Bosses,https://www.imsdb.com/scripts/Horrible-Bosses.html
621,"Horse-Whisperer,-The","https://www.imsdb.com/scripts/Horse-Whisperer,-The.html"
622,"Hospital,-The","https://www.imsdb.com/scripts/Hospital,-The.html"
623,Hostage,https://www.imsdb.com/scripts/Hostage.html
624,Hot-Tub-Time-Machine,https://www.imsdb.com/scripts/Hot-Tub-Time-Machine.html
625,Hotel-Rwanda,https://www.imsdb.com/scripts/Hotel-Rwanda.html
626,House-of-1000-Corpses,https://www.imsdb.com/scripts/House-of-1000-Corpses.html
627,How-to-Lose-Friends-&-Alienate-People,https://www.imsdb.com/scripts/How-to-Lose-Friends-&-Alienate-People.html
628,How-to-Train-Your-Dragon,https://www.imsdb.com/scripts/How-to-Train-Your-Dragon.html
629,How-to-Train-Your-Dragon-2,https://www.imsdb.com/scripts/How-to-Train-Your-Dragon-2.html
630,Hudson-Hawk,https://www.imsdb.com/scripts/Hudson-Hawk.html
631,"Hudsucker-Proxy,-The","https://www.imsdb.com/scripts/Hudsucker-Proxy,-The.html"
632,Human-Nature,https://www.imsdb.com/scripts/Human-Nature.html
633,"Hunt-for-Red-October,-The","https://www.imsdb.com/scripts/Hunt-for-Red-October,-The.html"
634,"Hurt-Locker,-The","https://www.imsdb.com/scripts/Hurt-Locker,-The.html"
635,I-Am-Number-Four,https://www.imsdb.com/scripts/I-Am-Number-Four.html
636,I-am-Sam,https://www.imsdb.com/scripts/I-am-Sam.html
637,I-Love-You-Phillip-Morris,https://www.imsdb.com/scripts/I-Love-You-Phillip-Morris.html
638,I-Spit-on-Your-Grave,https://www.imsdb.com/scripts/I-Spit-on-Your-Grave.html
639,I-Still-Know-What-You-Did-Last-Summer,https://www.imsdb.com/scripts/I-Still-Know-What-You-Did-Last-Summer.html
640,I'll-Do-Anything,https://www.imsdb.com/scripts/I'll-Do-Anything.html
641,"I,-Robot","https://www.imsdb.com/scripts/I,-Robot.html"
642,"Ice-Storm,-The","https://www.imsdb.com/scripts/Ice-Storm,-The.html"
643,"Ides-of-March,-The","https://www.imsdb.com/scripts/Ides-of-March,-The.html"
644,"Imaginarium-of-Doctor-Parnassus,-The","https://www.imsdb.com/scripts/Imaginarium-of-Doctor-Parnassus,-The.html"
645,In-the-Bedroom,https://www.imsdb.com/scripts/In-the-Bedroom.html
646,In-the-Loop,https://www.imsdb.com/scripts/In-the-Loop.html
647,Inception,https://www.imsdb.com/scripts/Inception.html
648,"Incredibles,-The","https://www.imsdb.com/scripts/Incredibles,-The.html"
649,Independence-Day,https://www.imsdb.com/scripts/Independence-Day.html
650,Indiana-Jones-and-the-Last-Crusade,https://www.imsdb.com/scripts/Indiana-Jones-and-the-Last-Crusade.html
651,Indiana-Jones-and-the-Raiders-of-the-Lost-Ark,https://www.imsdb.com/scripts/Indiana-Jones-and-the-Raiders-of-the-Lost-Ark.html
652,Indiana-Jones-and-the-Temple-of-Doom,https://www.imsdb.com/scripts/Indiana-Jones-and-the-Temple-of-Doom.html
653,Indiana-Jones-IV,https://www.imsdb.com/scripts/Indiana-Jones-IV.html
654,"Informant,-The","https://www.imsdb.com/scripts/Informant,-The.html"
655,Inglourious-Basterds,https://www.imsdb.com/scripts/Inglourious-Basterds.html
656,Innerspace,https://www.imsdb.com/scripts/Innerspace.html
657,"Insider,-The","https://www.imsdb.com/scripts/Insider,-The.html"
658,Insidious,https://www.imsdb.com/scripts/Insidious.html
659,Insomnia,https://www.imsdb.com/scripts/Insomnia.html
660,Interstellar,https://www.imsdb.com/scripts/Interstellar.html
661,Interview-with-the-Vampire,https://www.imsdb.com/scripts/Interview-with-the-Vampire.html
662,Into-the-Wild,https://www.imsdb.com/scripts/Into-the-Wild.html
663,Into-the-Woods,https://www.imsdb.com/scripts/Into-the-Woods.html
664,Intolerable-Cruelty,https://www.imsdb.com/scripts/Intolerable-Cruelty.html
665,Inventing-the-Abbotts,https://www.imsdb.com/scripts/Inventing-the-Abbotts.html
666,"Invention-of-Lying,-The","https://www.imsdb.com/scripts/Invention-of-Lying,-The.html"
667,Invictus,https://www.imsdb.com/scripts/Invictus.html
668,"Iron-Lady,-The","https://www.imsdb.com/scripts/Iron-Lady,-The.html"
669,"Island,-The","https://www.imsdb.com/scripts/Island,-The.html"
670,It,https://www.imsdb.com/scripts/It.html
671,It-Happened-One-Night,https://www.imsdb.com/scripts/It-Happened-One-Night.html
672,It-Happened-One-Night,https://www.imsdb.com/scripts/It-Happened-One-Night.html
673,It's-a-Wonderful-Life,https://www.imsdb.com/scripts/It's-a-Wonderful-Life.html
674,It's-Complicated,https://www.imsdb.com/scripts/It's-Complicated.html
675,"Italian-Job,-The","https://www.imsdb.com/scripts/Italian-Job,-The.html"
676,"Jacket,-The","https://www.imsdb.com/scripts/Jacket,-The.html"
677,Jackie-Brown,https://www.imsdb.com/scripts/Jackie-Brown.html
678,Jacob's-Ladder,https://www.imsdb.com/scripts/Jacob's-Ladder.html
679,Jade,https://www.imsdb.com/scripts/Jade.html
680,Jane-Eyre,https://www.imsdb.com/scripts/Jane-Eyre.html
681,Jason-X,https://www.imsdb.com/scripts/Jason-X.html
682,Jaws,https://www.imsdb.com/scripts/Jaws.html
683,Jaws-2,https://www.imsdb.com/scripts/Jaws-2.html
684,Jay-and-Silent-Bob-Strike-Back,https://www.imsdb.com/scripts/Jay-and-Silent-Bob-Strike-Back.html
685,Jennifer-Eight,https://www.imsdb.com/scripts/Jennifer-Eight.html
686,Jennifer's-Body,https://www.imsdb.com/scripts/Jennifer's-Body.html
687,Jerry-Maguire,https://www.imsdb.com/scripts/Jerry-Maguire.html
688,Jeux-Interdits,https://www.imsdb.com/scripts/Jeux-Interdits.html
689,JFK,https://www.imsdb.com/scripts/JFK.html
690,Jimmy-and-Judy,https://www.imsdb.com/scripts/Jimmy-and-Judy.html
691,John-Q,https://www.imsdb.com/scripts/John-Q.html
692,John-Wick,https://www.imsdb.com/scripts/John-Wick.html
693,Joker,https://www.imsdb.com/scripts/Joker.html
694,Judge-Dredd,https://www.imsdb.com/scripts/Judge-Dredd.html
695,Juno,https://www.imsdb.com/scripts/Juno.html
696,Jurassic-Park,https://www.imsdb.com/scripts/Jurassic-Park.html
697,Jurassic-Park-III,https://www.imsdb.com/scripts/Jurassic-Park-III.html
698,Jurassic-Park:-The-Lost-World,https://www.imsdb.com/scripts/Jurassic-Park:-The-Lost-World.html
699,Kafka,https://www.imsdb.com/scripts/Kafka.html
700,Kalifornia,https://www.imsdb.com/scripts/Kalifornia.html
701,Kate-&-Leopold,https://www.imsdb.com/scripts/Kate-&-Leopold.html
702,Kids,https://www.imsdb.com/scripts/Kids.html
703,"Kids-Are-All-Right,-The","https://www.imsdb.com/scripts/Kids-Are-All-Right,-The.html"
704,Kill-Bill-Volume-1-&-2,https://www.imsdb.com/scripts/Kill-Bill-Volume-1-&-2.html
705,Kill-Your-Darlings,https://www.imsdb.com/scripts/Kill-Your-Darlings.html
706,Killing-Zoe,https://www.imsdb.com/scripts/Killing-Zoe.html
707,King-Kong,https://www.imsdb.com/scripts/King-Kong.html
708,"King-of-Comedy,-The","https://www.imsdb.com/scripts/King-of-Comedy,-The.html"
709,"King's-Speech,-The","https://www.imsdb.com/scripts/King's-Speech,-The.html"
710,"Kingdom,-The","https://www.imsdb.com/scripts/Kingdom,-The.html"
711,Kiss-of-the-Spider-Woman,https://www.imsdb.com/scripts/Kiss-of-the-Spider-Woman.html
712,Klute,https://www.imsdb.com/scripts/Klute.html
713,Knocked-Up,https://www.imsdb.com/scripts/Knocked-Up.html
714,Kramer-vs-Kramer,https://www.imsdb.com/scripts/Kramer-vs-Kramer.html
715,Kundun,https://www.imsdb.com/scripts/Kundun.html
716,Kung-Fu-Panda,https://www.imsdb.com/scripts/Kung-Fu-Panda.html
717,L.A.-Confidential,https://www.imsdb.com/scripts/L.A.-Confidential.html
718,La-La-Land,https://www.imsdb.com/scripts/La-La-Land.html
719,Labor-of-Love,https://www.imsdb.com/scripts/Labor-of-Love.html
720,Labyrinth,https://www.imsdb.com/scripts/Labyrinth.html
721,"Ladykillers,-The","https://www.imsdb.com/scripts/Ladykillers,-The.html"
722,Lake-Placid,https://www.imsdb.com/scripts/Lake-Placid.html
723,Land-of-the-Dead,https://www.imsdb.com/scripts/Land-of-the-Dead.html
724,Larry-Crowne,https://www.imsdb.com/scripts/Larry-Crowne.html
725,"Last-Boy-Scout,-The","https://www.imsdb.com/scripts/Last-Boy-Scout,-The.html"
726,Last-Chance-Harvey,https://www.imsdb.com/scripts/Last-Chance-Harvey.html
727,"Last-Flight,-The","https://www.imsdb.com/scripts/Last-Flight,-The.html"
728,"Last-of-the-Mohicans,-The","https://www.imsdb.com/scripts/Last-of-the-Mohicans,-The.html"
729,"Last-Samurai,-The","https://www.imsdb.com/scripts/Last-Samurai,-The.html"
730,"Last-Station,-The","https://www.imsdb.com/scripts/Last-Station,-The.html"
731,Last-Tango-in-Paris,https://www.imsdb.com/scripts/Last-Tango-in-Paris.html
732,Law-Abiding-Citizen,https://www.imsdb.com/scripts/Law-Abiding-Citizen.html
733,Le-Diable-par-la-Queue,https://www.imsdb.com/scripts/Le-Diable-par-la-Queue.html
734,Leaving-Las-Vegas,https://www.imsdb.com/scripts/Leaving-Las-Vegas.html
735,Legally-Blonde,https://www.imsdb.com/scripts/Legally-Blonde.html
736,Legend,https://www.imsdb.com/scripts/Legend.html
737,Legion,https://www.imsdb.com/scripts/Legion.html
738,"LEGO-Movie,-The","https://www.imsdb.com/scripts/LEGO-Movie,-The.html"
739,Les-Miserables,https://www.imsdb.com/scripts/Les-Miserables.html
740,Les-Tontons-Flingueurs,https://www.imsdb.com/scripts/Les-Tontons-Flingueurs.html
741,Lethal-Weapon,https://www.imsdb.com/scripts/Lethal-Weapon.html
742,Lethal-Weapon-4,https://www.imsdb.com/scripts/Lethal-Weapon-4.html
743,Leviathan,https://www.imsdb.com/scripts/Leviathan.html
744,Liar-Liar,https://www.imsdb.com/scripts/Liar-Liar.html
745,Life,https://www.imsdb.com/scripts/Life.html
746,Life-As-A-House,https://www.imsdb.com/scripts/Life-As-A-House.html
747,"Life-of-David-Gale,-The","https://www.imsdb.com/scripts/Life-of-David-Gale,-The.html"
748,Life-of-Pi,https://www.imsdb.com/scripts/Life-of-Pi.html
749,Light-Sleeper,https://www.imsdb.com/scripts/Light-Sleeper.html
750,"Limey,-The","https://www.imsdb.com/scripts/Limey,-The.html"
751,Limitless,https://www.imsdb.com/scripts/Limitless.html
752,Lincoln,https://www.imsdb.com/scripts/Lincoln.html
753,"Lincoln-Lawyer,-The","https://www.imsdb.com/scripts/Lincoln-Lawyer,-The.html"
754,"Lion-King,-The","https://www.imsdb.com/scripts/Lion-King,-The.html"
755,Little-Athens,https://www.imsdb.com/scripts/Little-Athens.html
756,Little-Men,https://www.imsdb.com/scripts/Little-Men.html
757,"Little-Mermaid,-The","https://www.imsdb.com/scripts/Little-Mermaid,-The.html"
758,Little-Nicky,https://www.imsdb.com/scripts/Little-Nicky.html
759,Living-in-Oblivion,https://www.imsdb.com/scripts/Living-in-Oblivion.html
760,"Lock,-Stock-and-Two-Smoking-Barrels","https://www.imsdb.com/scripts/Lock,-Stock-and-Two-Smoking-Barrels.html"
761,Logan,https://www.imsdb.com/scripts/Logan.html
762,Logan's-Run,https://www.imsdb.com/scripts/Logan's-Run.html
763,Lone-Star,https://www.imsdb.com/scripts/Lone-Star.html
764,"Long-Kiss-Goodnight,-The","https://www.imsdb.com/scripts/Long-Kiss-Goodnight,-The.html"
765,Looper,https://www.imsdb.com/scripts/Looper.html
766,Lord-of-Illusions,https://www.imsdb.com/scripts/Lord-of-Illusions.html
767,"Lord-of-the-Rings:-Fellowship-of-the-Ring,-The","https://www.imsdb.com/scripts/Lord-of-the-Rings:-Fellowship-of-the-Ring,-The.html"
768,Lord-of-the-Rings:-Return-of-the-King,https://www.imsdb.com/scripts/Lord-of-the-Rings:-Return-of-the-King.html
769,Lord-of-the-Rings:-The-Two-Towers,https://www.imsdb.com/scripts/Lord-of-the-Rings:-The-Two-Towers.html
770,Lord-of-War,https://www.imsdb.com/scripts/Lord-of-War.html
771,"Losers,-The","https://www.imsdb.com/scripts/Losers,-The.html"
772,Lost-Highway,https://www.imsdb.com/scripts/Lost-Highway.html
773,Lost-Horizon,https://www.imsdb.com/scripts/Lost-Horizon.html
774,Lost-in-Space,https://www.imsdb.com/scripts/Lost-in-Space.html
775,Lost-in-Translation,https://www.imsdb.com/scripts/Lost-in-Translation.html
776,Love-and-Basketball,https://www.imsdb.com/scripts/Love-and-Basketball.html
777,Machete,https://www.imsdb.com/scripts/Machete.html
778,Machine-Gun-Preacher,https://www.imsdb.com/scripts/Machine-Gun-Preacher.html
779,Mad-Max-2:-The-Road-Warrior,https://www.imsdb.com/scripts/Mad-Max-2:-The-Road-Warrior.html
780,Made,https://www.imsdb.com/scripts/Made.html
781,Magnolia,https://www.imsdb.com/scripts/Magnolia.html
782,"Majestic,-The-(The-Bijou)","https://www.imsdb.com/scripts/Majestic,-The-(The-Bijou).html"
783,Major-League,https://www.imsdb.com/scripts/Major-League.html
784,Malcolm-X,https://www.imsdb.com/scripts/Malcolm-X.html
785,Malibu's-Most-Wanted,https://www.imsdb.com/scripts/Malibu's-Most-Wanted.html
786,Man-in-the-Iron-Mask,https://www.imsdb.com/scripts/Man-in-the-Iron-Mask.html
787,Man-On-Fire,https://www.imsdb.com/scripts/Man-On-Fire.html
788,Man-on-the-Moon,https://www.imsdb.com/scripts/Man-on-the-Moon.html
789,Man-Trouble,https://www.imsdb.com/scripts/Man-Trouble.html
790,"Man-Who-Knew-Too-Much,-The","https://www.imsdb.com/scripts/Man-Who-Knew-Too-Much,-The.html"
791,"Man-Who-Wasn't-There,-The","https://www.imsdb.com/scripts/Man-Who-Wasn't-There,-The.html"
792,"Manchurian-Candidate,-The","https://www.imsdb.com/scripts/Manchurian-Candidate,-The.html"
793,Manhattan-Murder-Mystery,https://www.imsdb.com/scripts/Manhattan-Murder-Mystery.html
794,Manhunter,https://www.imsdb.com/scripts/Manhunter.html
795,Margaret,https://www.imsdb.com/scripts/Margaret.html
796,Margin-Call,https://www.imsdb.com/scripts/Margin-Call.html
797,Margot-at-the-Wedding,https://www.imsdb.com/scripts/Margot-at-the-Wedding.html
798,"Mariachi,-El","https://www.imsdb.com/scripts/Mariachi,-El.html"
799,Marley-&-Me,https://www.imsdb.com/scripts/Marley-&-Me.html
800,Martha-Marcy-May-Marlene,https://www.imsdb.com/scripts/Martha-Marcy-May-Marlene.html
801,"Martian,-The","https://www.imsdb.com/scripts/Martian,-The.html"
802,Marty,https://www.imsdb.com/scripts/Marty.html
803,Mary-Poppins,https://www.imsdb.com/scripts/Mary-Poppins.html
804,"Mask,-The","https://www.imsdb.com/scripts/Mask,-The.html"
805,Master-and-Commander,https://www.imsdb.com/scripts/Master-and-Commander.html
806,"Master,-The","https://www.imsdb.com/scripts/Master,-The.html"
807,Matchstick-Men,https://www.imsdb.com/scripts/Matchstick-Men.html
808,"Matrix-Reloaded,-The","https://www.imsdb.com/scripts/Matrix-Reloaded,-The.html"
809,"Matrix,-The","https://www.imsdb.com/scripts/Matrix,-The.html"
810,Max-Payne,https://www.imsdb.com/scripts/Max-Payne.html
811,Mean-Streets,https://www.imsdb.com/scripts/Mean-Streets.html
812,"Mechanic,-The","https://www.imsdb.com/scripts/Mechanic,-The.html"
813,Meet-Joe-Black,https://www.imsdb.com/scripts/Meet-Joe-Black.html
814,Meet-John-Doe,https://www.imsdb.com/scripts/Meet-John-Doe.html
815,Megamind,https://www.imsdb.com/scripts/Megamind.html
816,Memento,https://www.imsdb.com/scripts/Memento.html
817,Men-in-Black,https://www.imsdb.com/scripts/Men-in-Black.html
818,Men-in-Black-3,https://www.imsdb.com/scripts/Men-in-Black-3.html
819,"Men-Who-Stare-at-Goats,-The","https://www.imsdb.com/scripts/Men-Who-Stare-at-Goats,-The.html"
820,Metro,https://www.imsdb.com/scripts/Metro.html
821,Miami-Vice,https://www.imsdb.com/scripts/Miami-Vice.html
822,Midnight-Cowboy,https://www.imsdb.com/scripts/Midnight-Cowboy.html
823,Midnight-Express,https://www.imsdb.com/scripts/Midnight-Express.html
824,Midnight-in-Paris,https://www.imsdb.com/scripts/Midnight-in-Paris.html
825,Mighty-Joe-Young,https://www.imsdb.com/scripts/Mighty-Joe-Young.html
826,Mighty-Morphin-Power-Rangers:-The-Movie,https://www.imsdb.com/scripts/Mighty-Morphin-Power-Rangers:-The-Movie.html
827,Milk,https://www.imsdb.com/scripts/Milk.html
828,Miller's-Crossing,https://www.imsdb.com/scripts/Miller's-Crossing.html
829,Mimic,https://www.imsdb.com/scripts/Mimic.html
830,Mini's-First-Time,https://www.imsdb.com/scripts/Mini's-First-Time.html
831,Minority-Report,https://www.imsdb.com/scripts/Minority-Report.html
832,"Miracle-Worker,-The","https://www.imsdb.com/scripts/Miracle-Worker,-The.html"
833,Mirrors,https://www.imsdb.com/scripts/Mirrors.html
834,Misery,https://www.imsdb.com/scripts/Misery.html
835,Mission-Impossible,https://www.imsdb.com/scripts/Mission-Impossible.html
836,Mission-Impossible-II,https://www.imsdb.com/scripts/Mission-Impossible-II.html
837,Mission-to-Mars,https://www.imsdb.com/scripts/Mission-to-Mars.html
838,Moneyball,https://www.imsdb.com/scripts/Moneyball.html
839,Monkeybone,https://www.imsdb.com/scripts/Monkeybone.html
840,Monster's-Ball,https://www.imsdb.com/scripts/Monster's-Ball.html
841,Monte-Carlo,https://www.imsdb.com/scripts/Monte-Carlo.html
842,Moon,https://www.imsdb.com/scripts/Moon.html
843,Moonrise-Kingdom,https://www.imsdb.com/scripts/Moonrise-Kingdom.html
844,Moonstruck,https://www.imsdb.com/scripts/Moonstruck.html
845,Mr-Blandings-Builds-His-Dream-House,https://www.imsdb.com/scripts/Mr-Blandings-Builds-His-Dream-House.html
846,Mr-Brooks,https://www.imsdb.com/scripts/Mr-Brooks.html
847,Mr-Deeds-Goes-to-Town,https://www.imsdb.com/scripts/Mr-Deeds-Goes-to-Town.html
848,Mr.-Holland's-Opus,https://www.imsdb.com/scripts/Mr.-Holland's-Opus.html
849,Mrs.-Brown,https://www.imsdb.com/scripts/Mrs.-Brown.html
850,Mud,https://www.imsdb.com/scripts/Mud.html
851,Mulan,https://www.imsdb.com/scripts/Mulan.html
852,Mulholland-Drive,https://www.imsdb.com/scripts/Mulholland-Drive.html
853,Mumford,https://www.imsdb.com/scripts/Mumford.html
854,"Mummy,-The","https://www.imsdb.com/scripts/Mummy,-The.html"
855,Music-of-the-Heart,https://www.imsdb.com/scripts/Music-of-the-Heart.html
856,Mute-Witness,https://www.imsdb.com/scripts/Mute-Witness.html
857,My-Best-Friend's-Wedding,https://www.imsdb.com/scripts/My-Best-Friend's-Wedding.html
858,My-Girl,https://www.imsdb.com/scripts/My-Girl.html
859,My-Mother-Dreams-the-Satan's-Disciples-in-New-York,https://www.imsdb.com/scripts/My-Mother-Dreams-the-Satan's-Disciples-in-New-York.html
860,My-Week-with-Marilyn,https://www.imsdb.com/scripts/My-Week-with-Marilyn.html
861,Mystery-Men,https://www.imsdb.com/scripts/Mystery-Men.html
862,Napoleon-Dynamite,https://www.imsdb.com/scripts/Napoleon-Dynamite.html
863,Nashville,https://www.imsdb.com/scripts/Nashville.html
864,Natural-Born-Killers,https://www.imsdb.com/scripts/Natural-Born-Killers.html
865,Never-Been-Kissed,https://www.imsdb.com/scripts/Never-Been-Kissed.html
866,"Neverending-Story,-The","https://www.imsdb.com/scripts/Neverending-Story,-The.html"
867,New-York-Minute,https://www.imsdb.com/scripts/New-York-Minute.html
868,Newsies,https://www.imsdb.com/scripts/Newsies.html
869,Next,https://www.imsdb.com/scripts/Next.html
870,Next-Friday,https://www.imsdb.com/scripts/Next-Friday.html
871,"Next-Three-Days,-The","https://www.imsdb.com/scripts/Next-Three-Days,-The.html"
872,Ni-vu-ni-connu,https://www.imsdb.com/scripts/Ni-vu-ni-connu.html
873,Nick-of-Time,https://www.imsdb.com/scripts/Nick-of-Time.html
874,Night-Time-(The-Poltergeist-Treatment),https://www.imsdb.com/scripts/Night-Time-(The-Poltergeist-Treatment).html
875,Nightbreed,https://www.imsdb.com/scripts/Nightbreed.html
876,"Nightmare-Before-Christmas,-The","https://www.imsdb.com/scripts/Nightmare-Before-Christmas,-The.html"
877,"Nightmare-Before-Christmas,-The","https://www.imsdb.com/scripts/Nightmare-Before-Christmas,-The.html"
878,"Nightmare-on-Elm-Street,-A","https://www.imsdb.com/scripts/Nightmare-on-Elm-Street,-A.html"
879,Nightmare-on-Elm-Street:-The-Final-Chapter,https://www.imsdb.com/scripts/Nightmare-on-Elm-Street:-The-Final-Chapter.html
880,Nine,https://www.imsdb.com/scripts/Nine.html
881,"Nines,-The","https://www.imsdb.com/scripts/Nines,-The.html"
882,Ninja-Assassin,https://www.imsdb.com/scripts/Ninja-Assassin.html
883,Ninotchka,https://www.imsdb.com/scripts/Ninotchka.html
884,"Ninth-Gate,-The","https://www.imsdb.com/scripts/Ninth-Gate,-The.html"
885,No-Country-for-Old-Men,https://www.imsdb.com/scripts/No-Country-for-Old-Men.html
886,No-Strings-Attached,https://www.imsdb.com/scripts/No-Strings-Attached.html
887,Notting-Hill,https://www.imsdb.com/scripts/Notting-Hill.html
888,Nurse-Betty,https://www.imsdb.com/scripts/Nurse-Betty.html
889,O-Brother-Where-Art-Thou?,https://www.imsdb.com/scripts/O-Brother-Where-Art-Thou?.html
890,Oblivion,https://www.imsdb.com/scripts/Oblivion.html
891,Observe-and-Report,https://www.imsdb.com/scripts/Observe-and-Report.html
892,Obsessed,https://www.imsdb.com/scripts/Obsessed.html
893,Ocean's-Eleven,https://www.imsdb.com/scripts/Ocean's-Eleven.html
894,Ocean's-Twelve,https://www.imsdb.com/scripts/Ocean's-Twelve.html
895,Office-Space,https://www.imsdb.com/scripts/Office-Space.html
896,"Officer-and-a-Gentleman,-An","https://www.imsdb.com/scripts/Officer-and-a-Gentleman,-An.html"
897,Omega-Man,https://www.imsdb.com/scripts/Omega-Man.html
898,One-Flew-Over-the-Cuckoo's-Nest,https://www.imsdb.com/scripts/One-Flew-Over-the-Cuckoo's-Nest.html
899,Only-God-Forgives,https://www.imsdb.com/scripts/Only-God-Forgives.html
900,Ordinary-People,https://www.imsdb.com/scripts/Ordinary-People.html
901,Orgy-of-the-Dead,https://www.imsdb.com/scripts/Orgy-of-the-Dead.html
902,Orphan,https://www.imsdb.com/scripts/Orphan.html
903,"Other-Boleyn-Girl,-The","https://www.imsdb.com/scripts/Other-Boleyn-Girl,-The.html"
904,Out-of-Sight,https://www.imsdb.com/scripts/Out-of-Sight.html
905,Outbreak,https://www.imsdb.com/scripts/Outbreak.html
906,"Pacifier,-The","https://www.imsdb.com/scripts/Pacifier,-The.html"
907,Pandorum,https://www.imsdb.com/scripts/Pandorum.html
908,Panic-Room,https://www.imsdb.com/scripts/Panic-Room.html
909,Papadopoulos-&-Sons,https://www.imsdb.com/scripts/Papadopoulos-&-Sons.html
910,ParaNorman,https://www.imsdb.com/scripts/ParaNorman.html
911,Pariah,https://www.imsdb.com/scripts/Pariah.html
912,Passengers,https://www.imsdb.com/scripts/Passengers.html
913,"Passion-of-Joan-of-Arc,-The","https://www.imsdb.com/scripts/Passion-of-Joan-of-Arc,-The.html"
914,"Patriot,-The","https://www.imsdb.com/scripts/Patriot,-The.html"
915,Paul,https://www.imsdb.com/scripts/Paul.html
916,Pearl-Harbor,https://www.imsdb.com/scripts/Pearl-Harbor.html
917,Peeping-Tom,https://www.imsdb.com/scripts/Peeping-Tom.html
918,Peggy-Sue-Got-Married,https://www.imsdb.com/scripts/Peggy-Sue-Got-Married.html
919,Perfect-Creature,https://www.imsdb.com/scripts/Perfect-Creature.html
920,"Perfect-World,-A","https://www.imsdb.com/scripts/Perfect-World,-A.html"
921,"Perks-of-Being-a-Wallflower,-The","https://www.imsdb.com/scripts/Perks-of-Being-a-Wallflower,-The.html"
922,Pet-Sematary,https://www.imsdb.com/scripts/Pet-Sematary.html
923,Pet-Sematary-II,https://www.imsdb.com/scripts/Pet-Sematary-II.html
924,Petulia,https://www.imsdb.com/scripts/Petulia.html
925,Philadelphia,https://www.imsdb.com/scripts/Philadelphia.html
926,Phone-Booth,https://www.imsdb.com/scripts/Phone-Booth.html
927,Pi,https://www.imsdb.com/scripts/Pi.html
928,"Pianist,-The","https://www.imsdb.com/scripts/Pianist,-The.html"
929,"Piano,-The","https://www.imsdb.com/scripts/Piano,-The.html"
930,Pineapple-Express,https://www.imsdb.com/scripts/Pineapple-Express.html
931,Pirates-of-the-Caribbean,https://www.imsdb.com/scripts/Pirates-of-the-Caribbean.html
932,Pirates-of-the-Caribbean:-Dead-Man's-Chest,https://www.imsdb.com/scripts/Pirates-of-the-Caribbean:-Dead-Man's-Chest.html
933,Pitch-Black,https://www.imsdb.com/scripts/Pitch-Black.html
934,"Planet-of-the-Apes,-The","https://www.imsdb.com/scripts/Planet-of-the-Apes,-The.html"
935,Platinum-Blonde,https://www.imsdb.com/scripts/Platinum-Blonde.html
936,Platoon,https://www.imsdb.com/scripts/Platoon.html
937,Pleasantville,https://www.imsdb.com/scripts/Pleasantville.html
938,Point-Break,https://www.imsdb.com/scripts/Point-Break.html
939,Pokemon:-Mewtwo-Returns,https://www.imsdb.com/scripts/Pokemon:-Mewtwo-Returns.html
940,"Postman,-The","https://www.imsdb.com/scripts/Postman,-The.html"
941,"Power-of-One,-The","https://www.imsdb.com/scripts/Power-of-One,-The.html"
942,Precious,https://www.imsdb.com/scripts/Precious.html
943,Predator,https://www.imsdb.com/scripts/Predator.html
944,"Prestige,-The","https://www.imsdb.com/scripts/Prestige,-The.html"
945,Pretty-Woman,https://www.imsdb.com/scripts/Pretty-Woman.html
946,Pretty-Woman-(final-script),https://www.imsdb.com/scripts/Pretty-Woman-(final-script).html
947,Pride-and-Prejudice,https://www.imsdb.com/scripts/Pride-and-Prejudice.html
948,Priest,https://www.imsdb.com/scripts/Priest.html
949,"Princess-Bride,-The","https://www.imsdb.com/scripts/Princess-Bride,-The.html"
950,"Private-Life-of-Sherlock-Holmes,-The","https://www.imsdb.com/scripts/Private-Life-of-Sherlock-Holmes,-The.html"
951,"Producer,-The","https://www.imsdb.com/scripts/Producer,-The.html"
952,"Program,-The","https://www.imsdb.com/scripts/Program,-The.html"
953,Prom-Night,https://www.imsdb.com/scripts/Prom-Night.html
954,Prometheus,https://www.imsdb.com/scripts/Prometheus.html
955,"Prophecy,-The","https://www.imsdb.com/scripts/Prophecy,-The.html"
956,"Proposal,-The","https://www.imsdb.com/scripts/Proposal,-The.html"
957,Psycho,https://www.imsdb.com/scripts/Psycho.html
958,Public-Enemies,https://www.imsdb.com/scripts/Public-Enemies.html
959,Pulp-Fiction,https://www.imsdb.com/scripts/Pulp-Fiction.html
960,Punch-Drunk-Love,https://www.imsdb.com/scripts/Punch-Drunk-Love.html
961,Purple-Rain,https://www.imsdb.com/scripts/Purple-Rain.html
962,Quantum-Project,https://www.imsdb.com/scripts/Quantum-Project.html
963,Queen-of-the-Damned,https://www.imsdb.com/scripts/Queen-of-the-Damned.html
964,"Queen,-The","https://www.imsdb.com/scripts/Queen,-The.html"
965,Rachel-Getting-Married,https://www.imsdb.com/scripts/Rachel-Getting-Married.html
966,Raging-Bull,https://www.imsdb.com/scripts/Raging-Bull.html
967,Raising-Arizona,https://www.imsdb.com/scripts/Raising-Arizona.html
968,Rambling-Rose,https://www.imsdb.com/scripts/Rambling-Rose.html
969,Rambo:-First-Blood-II:-The-Mission,https://www.imsdb.com/scripts/Rambo:-First-Blood-II:-The-Mission.html
970,"Reader,-The","https://www.imsdb.com/scripts/Reader,-The.html"
971,Real-Genius,https://www.imsdb.com/scripts/Real-Genius.html
972,Rear-Window,https://www.imsdb.com/scripts/Rear-Window.html
973,Rebel-Without-A-Cause,https://www.imsdb.com/scripts/Rebel-Without-A-Cause.html
974,Red-Planet,https://www.imsdb.com/scripts/Red-Planet.html
975,Red-Riding-Hood,https://www.imsdb.com/scripts/Red-Riding-Hood.html
976,Reindeer-Games,https://www.imsdb.com/scripts/Reindeer-Games.html
977,"Relic,-The","https://www.imsdb.com/scripts/Relic,-The.html"
978,Remember-Me,https://www.imsdb.com/scripts/Remember-Me.html
979,"Replacements,-The","https://www.imsdb.com/scripts/Replacements,-The.html"
980,Repo-Man,https://www.imsdb.com/scripts/Repo-Man.html
981,"Rescuers-Down-Under,-The","https://www.imsdb.com/scripts/Rescuers-Down-Under,-The.html"
982,Reservoir-Dogs,https://www.imsdb.com/scripts/Reservoir-Dogs.html
983,Resident-Evil,https://www.imsdb.com/scripts/Resident-Evil.html
984,Return-of-the-Apes,https://www.imsdb.com/scripts/Return-of-the-Apes.html
985,"Revenant,-The","https://www.imsdb.com/scripts/Revenant,-The.html"
986,Revolutionary-Road,https://www.imsdb.com/scripts/Revolutionary-Road.html
987,Ringu,https://www.imsdb.com/scripts/Ringu.html
988,Rise-of-the-Guardians,https://www.imsdb.com/scripts/Rise-of-the-Guardians.html
989,Rise-of-the-Planet-of-the-Apes,https://www.imsdb.com/scripts/Rise-of-the-Planet-of-the-Apes.html
990,RKO-281,https://www.imsdb.com/scripts/RKO-281.html
991,"Road,-The","https://www.imsdb.com/scripts/Road,-The.html"
992,Robin-Hood:-Prince-of-Thieves,https://www.imsdb.com/scripts/Robin-Hood:-Prince-of-Thieves.html
993,Robocop,https://www.imsdb.com/scripts/Robocop.html
994,"Rock,-The","https://www.imsdb.com/scripts/Rock,-The.html"
995,RocknRolla,https://www.imsdb.com/scripts/RocknRolla.html
996,Rocky,https://www.imsdb.com/scripts/Rocky.html
997,"Rocky-Horror-Picture-Show,-The","https://www.imsdb.com/scripts/Rocky-Horror-Picture-Show,-The.html"
998,Romeo-&-Juliet,https://www.imsdb.com/scripts/Romeo-&-Juliet.html
999,Ronin,https://www.imsdb.com/scripts/Ronin.html
1000,Room,https://www.imsdb.com/scripts/Room.html
1001,"Roommate,-The","https://www.imsdb.com/scripts/Roommate,-The.html"
1002,Roughshod,https://www.imsdb.com/scripts/Roughshod.html
1003,"Ruins,-The","https://www.imsdb.com/scripts/Ruins,-The.html"
1004,Runaway-Bride,https://www.imsdb.com/scripts/Runaway-Bride.html
1005,Rush,https://www.imsdb.com/scripts/Rush.html
1006,Rush-Hour,https://www.imsdb.com/scripts/Rush-Hour.html
1007,Rush-Hour-2,https://www.imsdb.com/scripts/Rush-Hour-2.html
1008,Rushmore,https://www.imsdb.com/scripts/Rushmore.html
1009,Rust-and-Bone,https://www.imsdb.com/scripts/Rust-and-Bone.html
1010,.-Darko,https://www.imsdb.com/scripts/.-Darko.html
1011,"aint,-The","https://www.imsdb.com/scripts/aint,-The.html"
1012,"alton-Sea,-The","https://www.imsdb.com/scripts/alton-Sea,-The.html"
1013,"andlot-Kids,-The","https://www.imsdb.com/scripts/andlot-Kids,-The.html"
1014,ave-the-Last-Dance,https://www.imsdb.com/scripts/ave-the-Last-Dance.html
1015,aving-Mr.-Banks,https://www.imsdb.com/scripts/aving-Mr.-Banks.html
1016,aving-Private-Ryan,https://www.imsdb.com/scripts/aving-Private-Ryan.html
1017,aw,https://www.imsdb.com/scripts/aw.html
1018,arface,https://www.imsdb.com/scripts/arface.html
1019,ary-Movie-2,https://www.imsdb.com/scripts/ary-Movie-2.html
1020,hindler's-List,https://www.imsdb.com/scripts/hindler's-List.html
1021,ott-Pilgrim-vs-the-World,https://www.imsdb.com/scripts/ott-Pilgrim-vs-the-World.html
1022,eam,https://www.imsdb.com/scripts/eam.html
1023,eam-2,https://www.imsdb.com/scripts/eam-2.html
1024,eam-3,https://www.imsdb.com/scripts/eam-3.html
1025,e7en,https://www.imsdb.com/scripts/e7en.html
1026,"earchers,-The","https://www.imsdb.com/scripts/earchers,-The.html"
1027,"ecret-Life-of-Walter-Mitty,-The","https://www.imsdb.com/scripts/ecret-Life-of-Walter-Mitty,-The.html"
1028,emi-Pro,https://www.imsdb.com/scripts/emi-Pro.html
1029,ense-and-Sensibility,https://www.imsdb.com/scripts/ense-and-Sensibility.html
1030,erenity,https://www.imsdb.com/scripts/erenity.html
1031,erial-Mom,https://www.imsdb.com/scripts/erial-Mom.html
1032,"essions,-The","https://www.imsdb.com/scripts/essions,-The.html"
1033,"eventh-Seal,-The","https://www.imsdb.com/scripts/eventh-Seal,-The.html"
1034,ex-and-the-City,https://www.imsdb.com/scripts/ex-and-the-City.html
1035,"ex,-Lies-and-Videotape","https://www.imsdb.com/scripts/ex,-Lies-and-Videotape.html"
1036,exual-Life,https://www.imsdb.com/scripts/exual-Life.html
1037,hadow-of-the-Vampire,https://www.imsdb.com/scripts/hadow-of-the-Vampire.html
1038,hakespeare-in-Love,https://www.imsdb.com/scripts/hakespeare-in-Love.html
1039,hallow-Grave,https://www.imsdb.com/scripts/hallow-Grave.html
1040,hame,https://www.imsdb.com/scripts/hame.html
1041,hampoo,https://www.imsdb.com/scripts/hampoo.html
1042,"hawshank-Redemption,-The","https://www.imsdb.com/scripts/hawshank-Redemption,-The.html"
1043,he's-Out-of-My-League,https://www.imsdb.com/scripts/he's-Out-of-My-League.html
1044,herlock-Holmes,https://www.imsdb.com/scripts/herlock-Holmes.html
1045,hifty,https://www.imsdb.com/scripts/hifty.html
1046,"hining,-The","https://www.imsdb.com/scripts/hining,-The.html"
1047,"hipping-News,-The","https://www.imsdb.com/scripts/hipping-News,-The.html"
1048,hivers,https://www.imsdb.com/scripts/hivers.html
1049,hrek,https://www.imsdb.com/scripts/hrek.html
1050,hrek-the-Third,https://www.imsdb.com/scripts/hrek-the-Third.html
1051,ario,https://www.imsdb.com/scripts/ario.html
1052,deways,https://www.imsdb.com/scripts/deways.html
1053,"ege,-The","https://www.imsdb.com/scripts/ege,-The.html"
1054,gns,https://www.imsdb.com/scripts/gns.html
1055,lence-of-the-Lambs,https://www.imsdb.com/scripts/lence-of-the-Lambs.html
1056,lver-Bullet,https://www.imsdb.com/scripts/lver-Bullet.html
1057,lver-Linings-Playbook,https://www.imsdb.com/scripts/lver-Linings-Playbook.html
1058,mone,https://www.imsdb.com/scripts/mone.html
1059,ngle-White-Female,https://www.imsdb.com/scripts/ngle-White-Female.html
1060,ster-Act,https://www.imsdb.com/scripts/ster-Act.html
1061,x-Degrees-of-Separation,https://www.imsdb.com/scripts/x-Degrees-of-Separation.html
1062,"xth-Sense,-The","https://www.imsdb.com/scripts/xth-Sense,-The.html"
1063,leepless-in-Seattle,https://www.imsdb.com/scripts/leepless-in-Seattle.html
1064,leepy-Hollow,https://www.imsdb.com/scripts/leepy-Hollow.html
1065,ling-Blade,https://www.imsdb.com/scripts/ling-Blade.html
1066,lither,https://www.imsdb.com/scripts/lither.html
1067,lumdog-Millionaire,https://www.imsdb.com/scripts/lumdog-Millionaire.html
1068,mashed,https://www.imsdb.com/scripts/mashed.html
1069,mokin'-Aces,https://www.imsdb.com/scripts/mokin'-Aces.html
1070,natch,https://www.imsdb.com/scripts/natch.html
1071,neakers,https://www.imsdb.com/scripts/neakers.html
1072,now-Falling-On-Cedars,https://www.imsdb.com/scripts/now-Falling-On-Cedars.html
1073,now-White-and-the-Huntsman,https://www.imsdb.com/scripts/now-White-and-the-Huntsman.html
1074,o-I-Married-an-Axe-Murderer,https://www.imsdb.com/scripts/o-I-Married-an-Axe-Murderer.html
1075,"ocial-Network,-The","https://www.imsdb.com/scripts/ocial-Network,-The.html"
1076,olaris,https://www.imsdb.com/scripts/olaris.html
1077,oldier,https://www.imsdb.com/scripts/oldier.html
1078,omeone-To-Watch-Over-Me,https://www.imsdb.com/scripts/omeone-To-Watch-Over-Me.html
1079,omething's-Gotta-Give,https://www.imsdb.com/scripts/omething's-Gotta-Give.html
1080,ource-Code,https://www.imsdb.com/scripts/ource-Code.html
1081,outh-Park,https://www.imsdb.com/scripts/outh-Park.html
1082,ace-Milkshake,https://www.imsdb.com/scripts/ace-Milkshake.html
1083,anglish,https://www.imsdb.com/scripts/anglish.html
1084,are-Me,https://www.imsdb.com/scripts/are-Me.html
1085,artan,https://www.imsdb.com/scripts/artan.html
1086,eed,https://www.imsdb.com/scripts/eed.html
1087,eed-Racer,https://www.imsdb.com/scripts/eed-Racer.html
1088,here,https://www.imsdb.com/scripts/here.html
1089,der-Man,https://www.imsdb.com/scripts/der-Man.html
1090,.-Elmo's-Fire,https://www.imsdb.com/scripts/.-Elmo's-Fire.html
1091,ar-Trek,https://www.imsdb.com/scripts/ar-Trek.html
1092,ar-Trek-II:-The-Wrath-of-Khan,https://www.imsdb.com/scripts/ar-Trek-II:-The-Wrath-of-Khan.html
1093,ar-Trek:-First-Contact,https://www.imsdb.com/scripts/ar-Trek:-First-Contact.html
1094,ar-Trek:-Generations,https://www.imsdb.com/scripts/ar-Trek:-Generations.html
1095,ar-Trek:-Nemesis,https://www.imsdb.com/scripts/ar-Trek:-Nemesis.html
1096,ar-Trek:-The-Motion-Picture,https://www.imsdb.com/scripts/ar-Trek:-The-Motion-Picture.html
1097,ar-Wars:-A-New-Hope,https://www.imsdb.com/scripts/ar-Wars:-A-New-Hope.html
1098,ar-Wars:-Attack-of-the-Clones,https://www.imsdb.com/scripts/ar-Wars:-Attack-of-the-Clones.html
1099,ar-Wars:-Return-of-the-Jedi,https://www.imsdb.com/scripts/ar-Wars:-Return-of-the-Jedi.html
1100,ar-Wars:-Revenge-of-the-Sith,https://www.imsdb.com/scripts/ar-Wars:-Revenge-of-the-Sith.html
1101,ar-Wars:-The-Empire-Strikes-Back,https://www.imsdb.com/scripts/ar-Wars:-The-Empire-Strikes-Back.html
1102,ar-Wars:-The-Force-Awakens,https://www.imsdb.com/scripts/ar-Wars:-The-Force-Awakens.html
1103,ar-Wars:-The-Phantom-Menace,https://www.imsdb.com/scripts/ar-Wars:-The-Phantom-Menace.html
1104,arman,https://www.imsdb.com/scripts/arman.html
1105,arship-Troopers,https://www.imsdb.com/scripts/arship-Troopers.html
1106,ate-and-Main,https://www.imsdb.com/scripts/ate-and-Main.html
1107,ation-West,https://www.imsdb.com/scripts/ation-West.html
1108,epmom,https://www.imsdb.com/scripts/epmom.html
1109,"ng,-The","https://www.imsdb.com/scripts/ng,-The.html"
1110,of-Echoes,https://www.imsdb.com/scripts/of-Echoes.html
1111,orytelling,https://www.imsdb.com/scripts/orytelling.html
1112,aight-Outta-Compton,https://www.imsdb.com/scripts/aight-Outta-Compton.html
1113,ange-Days,https://www.imsdb.com/scripts/ange-Days.html
1114,angers-on-a-Train,https://www.imsdb.com/scripts/angers-on-a-Train.html
1115,"untman,-The","https://www.imsdb.com/scripts/untman,-The.html"
1116,ugar,https://www.imsdb.com/scripts/ugar.html
1117,ugar-and-Spice,https://www.imsdb.com/scripts/ugar-and-Spice.html
1118,unset-Blvd.,https://www.imsdb.com/scripts/unset-Blvd..html
1119,unshine-Cleaning,https://www.imsdb.com/scripts/unshine-Cleaning.html
1120,uper-8,https://www.imsdb.com/scripts/uper-8.html
1121,uperbad,https://www.imsdb.com/scripts/uperbad.html
1122,uperfights,https://www.imsdb.com/scripts/uperfights.html
1123,upergirl,https://www.imsdb.com/scripts/upergirl.html
1124,"urfer-King,-The","https://www.imsdb.com/scripts/urfer-King,-The.html"
1125,urrogates,https://www.imsdb.com/scripts/urrogates.html
1126,uspect-Zero,https://www.imsdb.com/scripts/uspect-Zero.html
1127,weeney-Todd:-The-Demon-Barber-of-Fleet-Street,https://www.imsdb.com/scripts/weeney-Todd:-The-Demon-Barber-of-Fleet-Street.html
1128,"weet-Hereafter,-The","https://www.imsdb.com/scripts/weet-Hereafter,-The.html"
1129,weet-Smell-of-Success,https://www.imsdb.com/scripts/weet-Smell-of-Success.html
1130,wingers,https://www.imsdb.com/scripts/wingers.html
1131,wordfish,https://www.imsdb.com/scripts/wordfish.html
1132,"ynecdoche,-New-York","https://www.imsdb.com/scripts/ynecdoche,-New-York.html"
1133,yriana,https://www.imsdb.com/scripts/yriana.html
1134,Take-Shelter,https://www.imsdb.com/scripts/Take-Shelter.html
1135,Taking-Lives,https://www.imsdb.com/scripts/Taking-Lives.html
1136,"Taking-of-Pelham-One-Two-Three,-The","https://www.imsdb.com/scripts/Taking-of-Pelham-One-Two-Three,-The.html"
1137,Taking-Sides,https://www.imsdb.com/scripts/Taking-Sides.html
1138,"Talented-Mr.-Ripley,-The","https://www.imsdb.com/scripts/Talented-Mr.-Ripley,-The.html"
1139,Tall-in-the-Saddle,https://www.imsdb.com/scripts/Tall-in-the-Saddle.html
1140,Tamara-Drewe,https://www.imsdb.com/scripts/Tamara-Drewe.html
1141,Taxi-Driver,https://www.imsdb.com/scripts/Taxi-Driver.html
1142,Ted,https://www.imsdb.com/scripts/Ted.html
1143,Terminator,https://www.imsdb.com/scripts/Terminator.html
1144,Terminator-2:-Judgement-Day,https://www.imsdb.com/scripts/Terminator-2:-Judgement-Day.html
1145,Terminator-Salvation,https://www.imsdb.com/scripts/Terminator-Salvation.html
1146,The-Rage:-Carrie-2,https://www.imsdb.com/scripts/The-Rage:-Carrie-2.html
1147,Thelma-&-Louise,https://www.imsdb.com/scripts/Thelma-&-Louise.html
1148,"Theory-of-Everything,-The","https://www.imsdb.com/scripts/Theory-of-Everything,-The.html"
1149,There's-Something-About-Mary,https://www.imsdb.com/scripts/There's-Something-About-Mary.html
1150,They,https://www.imsdb.com/scripts/They.html
1151,"Thing,-The","https://www.imsdb.com/scripts/Thing,-The.html"
1152,"Things-My-Father-Never-Taught-Me,-The","https://www.imsdb.com/scripts/Things-My-Father-Never-Taught-Me,-The.html"
1153,Thirteen-Days,https://www.imsdb.com/scripts/Thirteen-Days.html
1154,This-Boy's-Life,https://www.imsdb.com/scripts/This-Boy's-Life.html
1155,This-is-40,https://www.imsdb.com/scripts/This-is-40.html
1156,Thor,https://www.imsdb.com/scripts/Thor.html
1157,Thor-Ragnarok,https://www.imsdb.com/scripts/Thor-Ragnarok.html
1158,Three-Kings,https://www.imsdb.com/scripts/Three-Kings.html
1159,Three-Kings-(Spoils-of-War),https://www.imsdb.com/scripts/Three-Kings-(Spoils-of-War).html
1160,Three-Men-and-a-Baby,https://www.imsdb.com/scripts/Three-Men-and-a-Baby.html
1161,"Three-Musketeers,-The","https://www.imsdb.com/scripts/Three-Musketeers,-The.html"
1162,Thunderbirds,https://www.imsdb.com/scripts/Thunderbirds.html
1163,Thunderheart,https://www.imsdb.com/scripts/Thunderheart.html
1164,Ticker,https://www.imsdb.com/scripts/Ticker.html
1165,Timber-Falls,https://www.imsdb.com/scripts/Timber-Falls.html
1166,"Time-Machine,-The","https://www.imsdb.com/scripts/Time-Machine,-The.html"
1167,Tin-Cup,https://www.imsdb.com/scripts/Tin-Cup.html
1168,Tin-Men,https://www.imsdb.com/scripts/Tin-Men.html
1169,Tinker-Tailor-Soldier-Spy,https://www.imsdb.com/scripts/Tinker-Tailor-Soldier-Spy.html
1170,Titanic,https://www.imsdb.com/scripts/Titanic.html
1171,TMNT,https://www.imsdb.com/scripts/TMNT.html
1172,To-Sleep-with-Anger,https://www.imsdb.com/scripts/To-Sleep-with-Anger.html
1173,Tombstone,https://www.imsdb.com/scripts/Tombstone.html
1174,Tomorrow-Never-Dies,https://www.imsdb.com/scripts/Tomorrow-Never-Dies.html
1175,Top-Gun,https://www.imsdb.com/scripts/Top-Gun.html
1176,Total-Recall,https://www.imsdb.com/scripts/Total-Recall.html
1177,"Tourist,-The","https://www.imsdb.com/scripts/Tourist,-The.html"
1178,Toy-Story,https://www.imsdb.com/scripts/Toy-Story.html
1179,Traffic,https://www.imsdb.com/scripts/Traffic.html
1180,Training-Day,https://www.imsdb.com/scripts/Training-Day.html
1181,Trainspotting,https://www.imsdb.com/scripts/Trainspotting.html
1182,Transformers:-The-Movie,https://www.imsdb.com/scripts/Transformers:-The-Movie.html
1183,Tremors,https://www.imsdb.com/scripts/Tremors.html
1184,Tristan-and-Isolde,https://www.imsdb.com/scripts/Tristan-and-Isolde.html
1185,TRON,https://www.imsdb.com/scripts/TRON.html
1186,TRON:-Legacy,https://www.imsdb.com/scripts/TRON:-Legacy.html
1187,Tropic-Thunder,https://www.imsdb.com/scripts/Tropic-Thunder.html
1188,Troy,https://www.imsdb.com/scripts/Troy.html
1189,True-Grit,https://www.imsdb.com/scripts/True-Grit.html
1190,True-Lies,https://www.imsdb.com/scripts/True-Lies.html
1191,True-Romance,https://www.imsdb.com/scripts/True-Romance.html
1192,"Truman-Show,-The","https://www.imsdb.com/scripts/Truman-Show,-The.html"
1193,Twilight,https://www.imsdb.com/scripts/Twilight.html
1194,Twilight:-New-Moon,https://www.imsdb.com/scripts/Twilight:-New-Moon.html
1195,Twin-Peaks,https://www.imsdb.com/scripts/Twin-Peaks.html
1196,Twins,https://www.imsdb.com/scripts/Twins.html
1197,Two-For-The-Money,https://www.imsdb.com/scripts/Two-For-The-Money.html
1198,U-Turn,https://www.imsdb.com/scripts/U-Turn.html
1199,"Ugly-Truth,-The","https://www.imsdb.com/scripts/Ugly-Truth,-The.html"
1200,Un-Singe-en-Hiver,https://www.imsdb.com/scripts/Un-Singe-en-Hiver.html
1201,Unbreakable,https://www.imsdb.com/scripts/Unbreakable.html
1202,Under-Fire,https://www.imsdb.com/scripts/Under-Fire.html
1203,Unforgiven,https://www.imsdb.com/scripts/Unforgiven.html
1204,Unknown,https://www.imsdb.com/scripts/Unknown.html
1205,Up,https://www.imsdb.com/scripts/Up.html
1206,Up-in-the-Air,https://www.imsdb.com/scripts/Up-in-the-Air.html
1207,"Usual-Suspects,-The","https://www.imsdb.com/scripts/Usual-Suspects,-The.html"
1208,V-for-Vendetta,https://www.imsdb.com/scripts/V-for-Vendetta.html
1209,Valentine's-Day,https://www.imsdb.com/scripts/Valentine's-Day.html
1210,Valkyrie,https://www.imsdb.com/scripts/Valkyrie.html
1211,Vanilla-Sky,https://www.imsdb.com/scripts/Vanilla-Sky.html
1212,"Verdict,-The","https://www.imsdb.com/scripts/Verdict,-The.html"
1213,Vertigo,https://www.imsdb.com/scripts/Vertigo.html
1214,Very-Bad-Things,https://www.imsdb.com/scripts/Very-Bad-Things.html
1215,"Village,-The","https://www.imsdb.com/scripts/Village,-The.html"
1216,Virtuosity,https://www.imsdb.com/scripts/Virtuosity.html
1217,"Visitor,-The","https://www.imsdb.com/scripts/Visitor,-The.html"
1218,Wag-the-Dog,https://www.imsdb.com/scripts/Wag-the-Dog.html
1219,"Walk-to-Remember,-A","https://www.imsdb.com/scripts/Walk-to-Remember,-A.html"
1220,Walking-Tall,https://www.imsdb.com/scripts/Walking-Tall.html
1221,Wall-Street,https://www.imsdb.com/scripts/Wall-Street.html
1222,Wall-Street:-Money-Never-Sleeps,https://www.imsdb.com/scripts/Wall-Street:-Money-Never-Sleeps.html
1223,Wall-E,https://www.imsdb.com/scripts/Wall-E.html
1224,Wanted,https://www.imsdb.com/scripts/Wanted.html
1225,War-for-the-Planet-of-the-Apes,https://www.imsdb.com/scripts/War-for-the-Planet-of-the-Apes.html
1226,War-Horse,https://www.imsdb.com/scripts/War-Horse.html
1227,War-of-the-Worlds,https://www.imsdb.com/scripts/War-of-the-Worlds.html
1228,Warm-Springs,https://www.imsdb.com/scripts/Warm-Springs.html
1229,Warrior,https://www.imsdb.com/scripts/Warrior.html
1230,Watchmen,https://www.imsdb.com/scripts/Watchmen.html
1231,Water-for-Elephants,https://www.imsdb.com/scripts/Water-for-Elephants.html
1232,"Way-Back,-The","https://www.imsdb.com/scripts/Way-Back,-The.html"
1233,We-Own-the-Night,https://www.imsdb.com/scripts/We-Own-the-Night.html
1234,What-About-Bob?,https://www.imsdb.com/scripts/What-About-Bob?.html
1235,What-Lies-Beneath,https://www.imsdb.com/scripts/What-Lies-Beneath.html
1236,When-a-Stranger-Calls,https://www.imsdb.com/scripts/When-a-Stranger-Calls.html
1237,When-Harry-Met-Sally,https://www.imsdb.com/scripts/When-Harry-Met-Sally.html
1238,While-She-Was-Out,https://www.imsdb.com/scripts/While-She-Was-Out.html
1239,"Whistleblower,-The","https://www.imsdb.com/scripts/Whistleblower,-The.html"
1240,White-Christmas,https://www.imsdb.com/scripts/White-Christmas.html
1241,White-Jazz,https://www.imsdb.com/scripts/White-Jazz.html
1242,"White-Ribbon,-The","https://www.imsdb.com/scripts/White-Ribbon,-The.html"
1243,White-Squall,https://www.imsdb.com/scripts/White-Squall.html
1244,Whiteout,https://www.imsdb.com/scripts/Whiteout.html
1245,Who-Framed-Roger-Rabbit?,https://www.imsdb.com/scripts/Who-Framed-Roger-Rabbit?.html
1246,Who's-Your-Daddy,https://www.imsdb.com/scripts/Who's-Your-Daddy.html
1247,Wild-At-Heart,https://www.imsdb.com/scripts/Wild-At-Heart.html
1248,"Wild-Bunch,-The","https://www.imsdb.com/scripts/Wild-Bunch,-The.html"
1249,Wild-Hogs,https://www.imsdb.com/scripts/Wild-Hogs.html
1250,Wild-Things,https://www.imsdb.com/scripts/Wild-Things.html
1251,Wild-Things:-Diamonds-in-the-Rough,https://www.imsdb.com/scripts/Wild-Things:-Diamonds-in-the-Rough.html
1252,Wild-Wild-West,https://www.imsdb.com/scripts/Wild-Wild-West.html
1253,Willow,https://www.imsdb.com/scripts/Willow.html
1254,Win-Win,https://www.imsdb.com/scripts/Win-Win.html
1255,Wind-Chill,https://www.imsdb.com/scripts/Wind-Chill.html
1256,Withnail-and-I,https://www.imsdb.com/scripts/Withnail-and-I.html
1257,Witness,https://www.imsdb.com/scripts/Witness.html
1258,"Wizard-of-Oz,-The","https://www.imsdb.com/scripts/Wizard-of-Oz,-The.html"
1259,"Wolf-of-Wall-Street,-The","https://www.imsdb.com/scripts/Wolf-of-Wall-Street,-The.html"
1260,Wonder-Boys,https://www.imsdb.com/scripts/Wonder-Boys.html
1261,Wonder-Woman,https://www.imsdb.com/scripts/Wonder-Woman.html
1262,"Woodsman,-The","https://www.imsdb.com/scripts/Woodsman,-The.html"
1263,"World-is-not-Enough,-The","https://www.imsdb.com/scripts/World-is-not-Enough,-The.html"
1264,"Wrestler,-The","https://www.imsdb.com/scripts/Wrestler,-The.html"
1265,"X-Files:-Fight-the-Future,-The","https://www.imsdb.com/scripts/X-Files:-Fight-the-Future,-The.html"
1266,X-Men,https://www.imsdb.com/scripts/X-Men.html
1267,X-Men-Origins:-Wolverine,https://www.imsdb.com/scripts/X-Men-Origins:-Wolverine.html
1268,xXx,https://www.imsdb.com/scripts/xXx.html
1269,Year-One,https://www.imsdb.com/scripts/Year-One.html
1270,Yes-Man,https://www.imsdb.com/scripts/Yes-Man.html
1271,You-Can-Count-On-Me,https://www.imsdb.com/scripts/You-Can-Count-On-Me.html
1272,You've-Got-Mail,https://www.imsdb.com/scripts/You've-Got-Mail.html
1273,Youth-in-Revolt,https://www.imsdb.com/scripts/Youth-in-Revolt.html
1274,Zero-Dark-Thirty,https://www.imsdb.com/scripts/Zero-Dark-Thirty.html
1275,Zerophilia,https://www.imsdb.com/scripts/Zerophilia.html
1276,Zootopia,https://www.imsdb.com/scripts/Zootopia.html
